hospital_id,fiscal_year,fiscal_period_start,fiscal_period_end,account_code,account_name,amount,source,source_url,fetched_at
H-BUSAN-PAIK,2016,2016-03-01,2017-02-28,medical_revenue,의료수익,275169392797,khidi_haspa,https://haspa.khidi.or.kr/api/total-is/21100063?y=2016,2026-10-08T20:40:08+09:00
H-BUSAN-PAIK,2016,2016-03-01,2017-02-28,inpatient_revenue,입원수익,184749773479,khidi_haspa,https://haspa.khidi.or.kr/api/total-is/21100063?y=2016,2026-10-08T20:40:08+09:00
H-BUSAN-PAIK,2016,2016-03-01,2017-02-28,outpatient_revenue,외래수익,78854593556,khidi_haspa,https://haspa.khidi.or.kr/api/total-is/21100063?y=2016,2026-10-08T20:40:08+09:00
H-BUSAN-PAIK,2016,2016-03-01,2017-02-28,medical_expense,의료비용,263224251341,khidi_haspa,https://haspa.khidi.or.kr/api/total-is/21100063?y=2016,2026-10-08T20:40:08+09:00
H-BUSAN-PAIK,2016,2016-03-01,2017-02-28,labor_cost,인건비,118152353899,khidi_haspa,https://haspa.khidi.or.kr/api/total-is/21100063?y=2016,2026-10-08T20:40:08+09:00
H-BUSAN-PAIK,2016,2016-03-01,2017-02-28,material_cost,재료비,104470258140,khidi_haspa,https://haspa.khidi.or.kr/api/total-is/21100063?y=2016,2026-10-08T20:40:08+09:00
H-BUSAN-PAIK,2016,2016-03-01,2017-02-28,drug_cost,약품비,52446134333,khidi_haspa,https://haspa.khidi.or.kr/api/total-is/21100063?y=2016,2026-10-08T20:40:08+09:00
H-BUSAN-PAIK,2016,2016-03-01,2017-02-28,supply_cost,진료재료비,48892680698,khidi_haspa,https://haspa.khidi.or.kr/api/total-is/21100063?y=2016,2026-10-08T20:40:08+09:00
H-BUSAN-PAIK,2016,2016-03-01,2017-02-28,admin_cost,관리운영비,40601639302,khidi_haspa,https://haspa.khidi.or.kr/api/total-is/21100063?y=2016,2026-10-08T20:40:08+09:00
H-BUSAN-PAIK,2016,2016-03-01,2017-02-28,medical_profit,의료이익(손실),11945141456,khidi_haspa,https://haspa.khidi.or.kr/api/total-is/21100063?y=2016,2026-10-08T20:40:08+09:00
H-BUSAN-PAIK,2016,2016-03-01,2017-02-28,non_medical_revenue,의료외수익,10350953539,khidi_haspa,https://haspa.khidi.or.kr/api/total-is/21100063?y=2016,2026-10-08T20:40:08+09:00
H-BUSAN-PAIK,2016,2016-03-01,2017-02-28,non_medical_expense,의료외비용,12414486155,khidi_haspa,https://haspa.khidi.or.kr/api/total-is/21100063?y=2016,2026-10-08T20:40:08+09:00
H-BUSAN-PAIK,2016,2016-03-01,2017-02-28,net_income,당기순이익,-4618391160,khidi_haspa,https://haspa.khidi.or.kr/api/total-is/21100063?y=2016,2026-10-08T20:40:08+09:00
H-BUSAN-PAIK,2016,2016-03-01,2017-02-28,total_assets,자산총계,169309743302,khidi_haspa,https://haspa.khidi.or.kr/api/total-sfp/21100063?y=2016,2026-10-08T20:40:08+09:00
H-BUSAN-PAIK,2016,2016-03-01,2017-02-28,total_liabilities,부채총계,150972451828,khidi_haspa,https://haspa.khidi.or.kr/api/total-sfp/21100063?y=2016,2026-10-08T20:40:08+09:00
H-BUSAN-PAIK,2016,2016-03-01,2017-02-28,total_equity,자본총계,18337291474,khidi_haspa,https://haspa.khidi.or.kr/api/total-sfp/21100063?y=2016,2026-10-08T20:40:08+09:00
H-BUSAN-PAIK,2016,2016-03-01,2017-02-28,current_assets,유동자산,111980786201,khidi_haspa,https://haspa.khidi.or.kr/api/total-sfp/21100063?y=2016,2026-10-08T20:40:08+09:00
H-BUSAN-PAIK,2016,2016-03-01,2017-02-28,current_liabilities,유동부채,107554705899,khidi_haspa,https://haspa.khidi.or.kr/api/total-sfp/21100063?y=2016,2026-10-08T20:40:08+09:00
H-BUSAN-PAIK,2016,2016-03-01,2017-02-28,short_term_borrowings,단기차입금,0,khidi_haspa,https://haspa.khidi.or.kr/api/total-sfp/21100063?y=2016,2026-10-08T20:40:08+09:00
H-BUSAN-PAIK,2016,2016-03-01,2017-02-28,employee_short_term_borrowings,임직원단기차입금,0,khidi_haspa,https://haspa.khidi.or.kr/api/total-sfp/21100063?y=2016,2026-10-08T20:40:08+09:00
H-BUSAN-PAIK,2016,2016-03-01,2017-02-28,current_long_term_debt,유동성장기부채,2458845956,khidi_haspa,https://haspa.khidi.or.kr/api/total-sfp/21100063?y=2016,2026-10-08T20:40:08+09:00
H-BUSAN-PAIK,2016,2016-03-01,2017-02-28,long_term_borrowings,장기차입금,0,khidi_haspa,https://haspa.khidi.or.kr/api/total-sfp/21100063?y=2016,2026-10-08T20:40:08+09:00
H-BUSAN-PAIK,2016,2016-03-01,2017-02-28,foreign_long_term_borrowings,외화장기차입금,0,khidi_haspa,https://haspa.khidi.or.kr/api/total-sfp/21100063?y=2016,2026-10-08T20:40:08+09:00
H-BUSAN-PAIK,2017,2017-03-01,2018-02-28,medical_revenue,의료수익,290015793456,khidi_haspa,https://haspa.khidi.or.kr/api/total-is/21100063?y=2017,2026-10-08T20:40:18+09:00
H-BUSAN-PAIK,2017,2017-03-01,2018-02-28,inpatient_revenue,입원수익,194772563865,khidi_haspa,https://haspa.khidi.or.kr/api/total-is/21100063?y=2017,2026-10-08T20:40:18+09:00
H-BUSAN-PAIK,2017,2017-03-01,2018-02-28,outpatient_revenue,외래수익,83330601820,khidi_haspa,https://haspa.khidi.or.kr/api/total-is/21100063?y=2017,2026-10-08T20:40:18+09:00
H-BUSAN-PAIK,2017,2017-03-01,2018-02-28,medical_expense,의료비용,275593917088,khidi_haspa,https://haspa.khidi.or.kr/api/total-is/21100063?y=2017,2026-10-08T20:40:18+09:00
H-BUSAN-PAIK,2017,2017-03-01,2018-02-28,labor_cost,인건비,126180969240,khidi_haspa,https://haspa.khidi.or.kr/api/total-is/21100063?y=2017,2026-10-08T20:40:18+09:00
H-BUSAN-PAIK,2017,2017-03-01,2018-02-28,material_cost,재료비,104531254005,khidi_haspa,https://haspa.khidi.or.kr/api/total-is/21100063?y=2017,2026-10-08T20:40:18+09:00
H-BUSAN-PAIK,2017,2017-03-01,2018-02-28,drug_cost,약품비,51928294002,khidi_haspa,https://haspa.khidi.or.kr/api/total-is/21100063?y=2017,2026-10-08T20:40:18+09:00
H-BUSAN-PAIK,2017,2017-03-01,2018-02-28,supply_cost,진료재료비,50038964913,khidi_haspa,https://haspa.khidi.or.kr/api/total-is/21100063?y=2017,2026-10-08T20:40:18+09:00
H-BUSAN-PAIK,2017,2017-03-01,2018-02-28,admin_cost,관리운영비,44881693843,khidi_haspa,https://haspa.khidi.or.kr/api/total-is/21100063?y=2017,2026-10-08T20:40:18+09:00
H-BUSAN-PAIK,2017,2017-03-01,2018-02-28,medical_profit,의료이익(손실),14421876368,khidi_haspa,https://haspa.khidi.or.kr/api/total-is/21100063?y=2017,2026-10-08T20:40:18+09:00
H-BUSAN-PAIK,2017,2017-03-01,2018-02-28,non_medical_revenue,의료외수익,9697063638,khidi_haspa,https://haspa.khidi.or.kr/api/total-is/21100063?y=2017,2026-10-08T20:40:18+09:00
H-BUSAN-PAIK,2017,2017-03-01,2018-02-28,non_medical_expense,의료외비용,10575872941,khidi_haspa,https://haspa.khidi.or.kr/api/total-is/21100063?y=2017,2026-10-08T20:40:18+09:00
H-BUSAN-PAIK,2017,2017-03-01,2018-02-28,net_income,당기순이익,-3802925800,khidi_haspa,https://haspa.khidi.or.kr/api/total-is/21100063?y=2017,2026-10-08T20:40:18+09:00
H-BUSAN-PAIK,2017,2017-03-01,2018-02-28,total_assets,자산총계,181612047553,khidi_haspa,https://haspa.khidi.or.kr/api/total-sfp/21100063?y=2017,2026-10-08T20:40:18+09:00
H-BUSAN-PAIK,2017,2017-03-01,2018-02-28,total_liabilities,부채총계,167077681879,khidi_haspa,https://haspa.khidi.or.kr/api/total-sfp/21100063?y=2017,2026-10-08T20:40:18+09:00
H-BUSAN-PAIK,2017,2017-03-01,2018-02-28,total_equity,자본총계,14534365674,khidi_haspa,https://haspa.khidi.or.kr/api/total-sfp/21100063?y=2017,2026-10-08T20:40:18+09:00
H-BUSAN-PAIK,2017,2017-03-01,2018-02-28,current_assets,유동자산,123814353796,khidi_haspa,https://haspa.khidi.or.kr/api/total-sfp/21100063?y=2017,2026-10-08T20:40:18+09:00
H-BUSAN-PAIK,2017,2017-03-01,2018-02-28,current_liabilities,유동부채,109699927046,khidi_haspa,https://haspa.khidi.or.kr/api/total-sfp/21100063?y=2017,2026-10-08T20:40:18+09:00
H-BUSAN-PAIK,2017,2017-03-01,2018-02-28,short_term_borrowings,단기차입금,0,khidi_haspa,https://haspa.khidi.or.kr/api/total-sfp/21100063?y=2017,2026-10-08T20:40:18+09:00
H-BUSAN-PAIK,2017,2017-03-01,2018-02-28,employee_short_term_borrowings,임직원단기차입금,0,khidi_haspa,https://haspa.khidi.or.kr/api/total-sfp/21100063?y=2017,2026-10-08T20:40:18+09:00
H-BUSAN-PAIK,2017,2017-03-01,2018-02-28,current_long_term_debt,유동성장기부채,1110743208,khidi_haspa,https://haspa.khidi.or.kr/api/total-sfp/21100063?y=2017,2026-10-08T20:40:18+09:00
H-BUSAN-PAIK,2017,2017-03-01,2018-02-28,long_term_borrowings,장기차입금,0,khidi_haspa,https://haspa.khidi.or.kr/api/total-sfp/21100063?y=2017,2026-10-08T20:40:18+09:00
H-BUSAN-PAIK,2017,2017-03-01,2018-02-28,foreign_long_term_borrowings,외화장기차입금,0,khidi_haspa,https://haspa.khidi.or.kr/api/total-sfp/21100063?y=2017,2026-10-08T20:40:18+09:00
H-BUSAN-PAIK,2018,2018-03-01,2019-02-28,medical_revenue,의료수익,296217582128,khidi_haspa,https://haspa.khidi.or.kr/api/total-is/21100063?y=2018,2026-10-08T20:40:28+09:00
H-BUSAN-PAIK,2018,2018-03-01,2019-02-28,inpatient_revenue,입원수익,197314401497,khidi_haspa,https://haspa.khidi.or.kr/api/total-is/21100063?y=2018,2026-10-08T20:40:28+09:00
H-BUSAN-PAIK,2018,2018-03-01,2019-02-28,outpatient_revenue,외래수익,87030567329,khidi_haspa,https://haspa.khidi.or.kr/api/total-is/21100063?y=2018,2026-10-08T20:40:28+09:00
H-BUSAN-PAIK,2018,2018-03-01,2019-02-28,medical_expense,의료비용,288898086071,khidi_haspa,https://haspa.khidi.or.kr/api/total-is/21100063?y=2018,2026-10-08T20:40:28+09:00
H-BUSAN-PAIK,2018,2018-03-01,2019-02-28,labor_cost,인건비,134662280490,khidi_haspa,https://haspa.khidi.or.kr/api/total-is/21100063?y=2018,2026-10-08T20:40:28+09:00
H-BUSAN-PAIK,2018,2018-03-01,2019-02-28,material_cost,재료비,106923401132,khidi_haspa,https://haspa.khidi.or.kr/api/total-is/21100063?y=2018,2026-10-08T20:40:28+09:00
H-BUSAN-PAIK,2018,2018-03-01,2019-02-28,drug_cost,약품비,53366020024,khidi_haspa,https://haspa.khidi.or.kr/api/total-is/21100063?y=2018,2026-10-08T20:40:28+09:00
H-BUSAN-PAIK,2018,2018-03-01,2019-02-28,supply_cost,진료재료비,47984606661,khidi_haspa,https://haspa.khidi.or.kr/api/total-is/21100063?y=2018,2026-10-08T20:40:28+09:00
H-BUSAN-PAIK,2018,2018-03-01,2019-02-28,admin_cost,관리운영비,47312404449,khidi_haspa,https://haspa.khidi.or.kr/api/total-is/21100063?y=2018,2026-10-08T20:40:28+09:00
H-BUSAN-PAIK,2018,2018-03-01,2019-02-28,medical_profit,의료이익(손실),7319496057,khidi_haspa,https://haspa.khidi.or.kr/api/total-is/21100063?y=2018,2026-10-08T20:40:28+09:00
H-BUSAN-PAIK,2018,2018-03-01,2019-02-28,non_medical_revenue,의료외수익,9643922796,khidi_haspa,https://haspa.khidi.or.kr/api/total-is/21100063?y=2018,2026-10-08T20:40:28+09:00
H-BUSAN-PAIK,2018,2018-03-01,2019-02-28,non_medical_expense,의료외비용,7344430954,khidi_haspa,https://haspa.khidi.or.kr/api/total-is/21100063?y=2018,2026-10-08T20:40:28+09:00
H-BUSAN-PAIK,2018,2018-03-01,2019-02-28,net_income,당기순이익,-31763599617,khidi_haspa,https://haspa.khidi.or.kr/api/total-is/21100063?y=2018,2026-10-08T20:40:28+09:00
H-BUSAN-PAIK,2018,2018-03-01,2019-02-28,total_assets,자산총계,172339464636,khidi_haspa,https://haspa.khidi.or.kr/api/total-sfp/21100063?y=2018,2026-10-08T20:40:28+09:00
H-BUSAN-PAIK,2018,2018-03-01,2019-02-28,total_liabilities,부채총계,189568698579,khidi_haspa,https://haspa.khidi.or.kr/api/total-sfp/21100063?y=2018,2026-10-08T20:40:28+09:00
H-BUSAN-PAIK,2018,2018-03-01,2019-02-28,total_equity,자본총계,-17229233943,khidi_haspa,https://haspa.khidi.or.kr/api/total-sfp/21100063?y=2018,2026-10-08T20:40:28+09:00
H-BUSAN-PAIK,2018,2018-03-01,2019-02-28,current_assets,유동자산,107894326217,khidi_haspa,https://haspa.khidi.or.kr/api/total-sfp/21100063?y=2018,2026-10-08T20:40:28+09:00
H-BUSAN-PAIK,2018,2018-03-01,2019-02-28,current_liabilities,유동부채,101915790487,khidi_haspa,https://haspa.khidi.or.kr/api/total-sfp/21100063?y=2018,2026-10-08T20:40:28+09:00
H-BUSAN-PAIK,2018,2018-03-01,2019-02-28,short_term_borrowings,단기차입금,0,khidi_haspa,https://haspa.khidi.or.kr/api/total-sfp/21100063?y=2018,2026-10-08T20:40:28+09:00
H-BUSAN-PAIK,2018,2018-03-01,2019-02-28,employee_short_term_borrowings,임직원단기차입금,0,khidi_haspa,https://haspa.khidi.or.kr/api/total-sfp/21100063?y=2018,2026-10-08T20:40:28+09:00
H-BUSAN-PAIK,2018,2018-03-01,2019-02-28,current_long_term_debt,유동성장기부채,1751304370,khidi_haspa,https://haspa.khidi.or.kr/api/total-sfp/21100063?y=2018,2026-10-08T20:40:28+09:00
H-BUSAN-PAIK,2018,2018-03-01,2019-02-28,long_term_borrowings,장기차입금,0,khidi_haspa,https://haspa.khidi.or.kr/api/total-sfp/21100063?y=2018,2026-10-08T20:40:28+09:00
H-BUSAN-PAIK,2018,2018-03-01,2019-02-28,foreign_long_term_borrowings,외화장기차입금,0,khidi_haspa,https://haspa.khidi.or.kr/api/total-sfp/21100063?y=2018,2026-10-08T20:40:28+09:00
H-BUSAN-PAIK,2019,2019-03-01,2020-02-29,medical_revenue,의료수익,321416588509,khidi_haspa,https://haspa.khidi.or.kr/api/total-is/21100063?y=2019,2026-10-08T20:27:24+09:00
H-BUSAN-PAIK,2019,2019-03-01,2020-02-29,inpatient_revenue,입원수익,217251083431,khidi_haspa,https://haspa.khidi.or.kr/api/total-is/21100063?y=2019,2026-10-08T20:27:24+09:00
H-BUSAN-PAIK,2019,2019-03-01,2020-02-29,outpatient_revenue,외래수익,92410876456,khidi_haspa,https://haspa.khidi.or.kr/api/total-is/21100063?y=2019,2026-10-08T20:27:24+09:00
H-BUSAN-PAIK,2019,2019-03-01,2020-02-29,medical_expense,의료비용,311964750141,khidi_haspa,https://haspa.khidi.or.kr/api/total-is/21100063?y=2019,2026-10-08T20:27:24+09:00
H-BUSAN-PAIK,2019,2019-03-01,2020-02-29,labor_cost,인건비,145475617569,khidi_haspa,https://haspa.khidi.or.kr/api/total-is/21100063?y=2019,2026-10-08T20:27:24+09:00
H-BUSAN-PAIK,2019,2019-03-01,2020-02-29,material_cost,재료비,115973596838,khidi_haspa,https://haspa.khidi.or.kr/api/total-is/21100063?y=2019,2026-10-08T20:27:24+09:00
H-BUSAN-PAIK,2019,2019-03-01,2020-02-29,drug_cost,약품비,56200212163,khidi_haspa,https://haspa.khidi.or.kr/api/total-is/21100063?y=2019,2026-10-08T20:27:24+09:00
H-BUSAN-PAIK,2019,2019-03-01,2020-02-29,supply_cost,진료재료비,54343339852,khidi_haspa,https://haspa.khidi.or.kr/api/total-is/21100063?y=2019,2026-10-08T20:27:24+09:00
H-BUSAN-PAIK,2019,2019-03-01,2020-02-29,admin_cost,관리운영비,50515535734,khidi_haspa,https://haspa.khidi.or.kr/api/total-is/21100063?y=2019,2026-10-08T20:27:24+09:00
H-BUSAN-PAIK,2019,2019-03-01,2020-02-29,medical_profit,의료이익(손실),9451838368,khidi_haspa,https://haspa.khidi.or.kr/api/total-is/21100063?y=2019,2026-10-08T20:27:24+09:00
H-BUSAN-PAIK,2019,2019-03-01,2020-02-29,non_medical_revenue,의료외수익,12814889951,khidi_haspa,https://haspa.khidi.or.kr/api/total-is/21100063?y=2019,2026-10-08T20:27:24+09:00
H-BUSAN-PAIK,2019,2019-03-01,2020-02-29,non_medical_expense,의료외비용,6960513852,khidi_haspa,https://haspa.khidi.or.kr/api/total-is/21100063?y=2019,2026-10-08T20:27:24+09:00
H-BUSAN-PAIK,2019,2019-03-01,2020-02-29,net_income,당기순이익,-1245071402,khidi_haspa,https://haspa.khidi.or.kr/api/total-is/21100063?y=2019,2026-10-08T20:27:24+09:00
H-BUSAN-PAIK,2019,2019-03-01,2020-02-29,total_assets,자산총계,168809452298,khidi_haspa,https://haspa.khidi.or.kr/api/total-sfp/21100063?y=2019,2026-10-08T20:27:24+09:00
H-BUSAN-PAIK,2019,2019-03-01,2020-02-29,total_liabilities,부채총계,187283757643,khidi_haspa,https://haspa.khidi.or.kr/api/total-sfp/21100063?y=2019,2026-10-08T20:27:24+09:00
H-BUSAN-PAIK,2019,2019-03-01,2020-02-29,total_equity,자본총계,-1923019476,khidi_haspa,https://haspa.khidi.or.kr/api/total-sfp/21100063?y=2019,2026-10-08T20:27:24+09:00
H-BUSAN-PAIK,2019,2019-03-01,2020-02-29,current_assets,유동자산,84342735359,khidi_haspa,https://haspa.khidi.or.kr/api/total-sfp/21100063?y=2019,2026-10-08T20:27:24+09:00
H-BUSAN-PAIK,2019,2019-03-01,2020-02-29,current_liabilities,유동부채,90980934429,khidi_haspa,https://haspa.khidi.or.kr/api/total-sfp/21100063?y=2019,2026-10-08T20:27:24+09:00
H-BUSAN-PAIK,2019,2019-03-01,2020-02-29,short_term_borrowings,단기차입금,0,khidi_haspa,https://haspa.khidi.or.kr/api/total-sfp/21100063?y=2019,2026-10-08T20:27:24+09:00
H-BUSAN-PAIK,2019,2019-03-01,2020-02-29,employee_short_term_borrowings,임직원단기차입금,0,khidi_haspa,https://haspa.khidi.or.kr/api/total-sfp/21100063?y=2019,2026-10-08T20:27:24+09:00
H-BUSAN-PAIK,2019,2019-03-01,2020-02-29,current_long_term_debt,유동성장기부채,2348254789,khidi_haspa,https://haspa.khidi.or.kr/api/total-sfp/21100063?y=2019,2026-10-08T20:27:24+09:00
H-BUSAN-PAIK,2019,2019-03-01,2020-02-29,long_term_borrowings,장기차입금,0,khidi_haspa,https://haspa.khidi.or.kr/api/total-sfp/21100063?y=2019,2026-10-08T20:27:24+09:00
H-BUSAN-PAIK,2019,2019-03-01,2020-02-29,foreign_long_term_borrowings,외화장기차입금,0,khidi_haspa,https://haspa.khidi.or.kr/api/total-sfp/21100063?y=2019,2026-10-08T20:27:24+09:00
H-BUSAN-PAIK,2020,2020-03-01,2021-02-28,medical_revenue,의료수익,329227456266,khidi_haspa,https://haspa.khidi.or.kr/api/total-is/21100063?y=2020,2026-10-08T20:27:34+09:00
H-BUSAN-PAIK,2020,2020-03-01,2021-02-28,inpatient_revenue,입원수익,224010523689,khidi_haspa,https://haspa.khidi.or.kr/api/total-is/21100063?y=2020,2026-10-08T20:27:34+09:00
H-BUSAN-PAIK,2020,2020-03-01,2021-02-28,outpatient_revenue,외래수익,94025054574,khidi_haspa,https://haspa.khidi.or.kr/api/total-is/21100063?y=2020,2026-10-08T20:27:34+09:00
H-BUSAN-PAIK,2020,2020-03-01,2021-02-28,medical_expense,의료비용,320128579894,khidi_haspa,https://haspa.khidi.or.kr/api/total-is/21100063?y=2020,2026-10-08T20:27:34+09:00
H-BUSAN-PAIK,2020,2020-03-01,2021-02-28,labor_cost,인건비,152072352854,khidi_haspa,https://haspa.khidi.or.kr/api/total-is/21100063?y=2020,2026-10-08T20:27:34+09:00
H-BUSAN-PAIK,2020,2020-03-01,2021-02-28,material_cost,재료비,119718226742,khidi_haspa,https://haspa.khidi.or.kr/api/total-is/21100063?y=2020,2026-10-08T20:27:34+09:00
H-BUSAN-PAIK,2020,2020-03-01,2021-02-28,drug_cost,약품비,55421979202,khidi_haspa,https://haspa.khidi.or.kr/api/total-is/21100063?y=2020,2026-10-08T20:27:34+09:00
H-BUSAN-PAIK,2020,2020-03-01,2021-02-28,supply_cost,진료재료비,61722850541,khidi_haspa,https://haspa.khidi.or.kr/api/total-is/21100063?y=2020,2026-10-08T20:27:34+09:00
H-BUSAN-PAIK,2020,2020-03-01,2021-02-28,admin_cost,관리운영비,48338000298,khidi_haspa,https://haspa.khidi.or.kr/api/total-is/21100063?y=2020,2026-10-08T20:27:34+09:00
H-BUSAN-PAIK,2020,2020-03-01,2021-02-28,medical_profit,의료이익(손실),9098876372,khidi_haspa,https://haspa.khidi.or.kr/api/total-is/21100063?y=2020,2026-10-08T20:27:34+09:00
H-BUSAN-PAIK,2020,2020-03-01,2021-02-28,non_medical_revenue,의료외수익,9422344694,khidi_haspa,https://haspa.khidi.or.kr/api/total-is/21100063?y=2020,2026-10-08T20:27:34+09:00
H-BUSAN-PAIK,2020,2020-03-01,2021-02-28,non_medical_expense,의료외비용,5768758771,khidi_haspa,https://haspa.khidi.or.kr/api/total-is/21100063?y=2020,2026-10-08T20:27:34+09:00
H-BUSAN-PAIK,2020,2020-03-01,2021-02-28,net_income,당기순이익,-793107927,khidi_haspa,https://haspa.khidi.or.kr/api/total-is/21100063?y=2020,2026-10-08T20:27:34+09:00
H-BUSAN-PAIK,2020,2020-03-01,2021-02-28,total_assets,자산총계,207042493767,khidi_haspa,https://haspa.khidi.or.kr/api/total-sfp/21100063?y=2020,2026-10-08T20:27:34+09:00
H-BUSAN-PAIK,2020,2020-03-01,2021-02-28,total_liabilities,부채총계,226309907039,khidi_haspa,https://haspa.khidi.or.kr/api/total-sfp/21100063?y=2020,2026-10-08T20:27:34+09:00
H-BUSAN-PAIK,2020,2020-03-01,2021-02-28,total_equity,자본총계,-19267413272,khidi_haspa,https://haspa.khidi.or.kr/api/total-sfp/21100063?y=2020,2026-10-08T20:27:34+09:00
H-BUSAN-PAIK,2020,2020-03-01,2021-02-28,current_assets,유동자산,119078874458,khidi_haspa,https://haspa.khidi.or.kr/api/total-sfp/21100063?y=2020,2026-10-08T20:27:34+09:00
H-BUSAN-PAIK,2020,2020-03-01,2021-02-28,current_liabilities,유동부채,116614174819,khidi_haspa,https://haspa.khidi.or.kr/api/total-sfp/21100063?y=2020,2026-10-08T20:27:34+09:00
H-BUSAN-PAIK,2020,2020-03-01,2021-02-28,short_term_borrowings,단기차입금,0,khidi_haspa,https://haspa.khidi.or.kr/api/total-sfp/21100063?y=2020,2026-10-08T20:27:34+09:00
H-BUSAN-PAIK,2020,2020-03-01,2021-02-28,employee_short_term_borrowings,임직원단기차입금,0,khidi_haspa,https://haspa.khidi.or.kr/api/total-sfp/21100063?y=2020,2026-10-08T20:27:34+09:00
H-BUSAN-PAIK,2020,2020-03-01,2021-02-28,current_long_term_debt,유동성장기부채,3901055404,khidi_haspa,https://haspa.khidi.or.kr/api/total-sfp/21100063?y=2020,2026-10-08T20:27:34+09:00
H-BUSAN-PAIK,2020,2020-03-01,2021-02-28,long_term_borrowings,장기차입금,0,khidi_haspa,https://haspa.khidi.or.kr/api/total-sfp/21100063?y=2020,2026-10-08T20:27:34+09:00
H-BUSAN-PAIK,2020,2020-03-01,2021-02-28,foreign_long_term_borrowings,외화장기차입금,0,khidi_haspa,https://haspa.khidi.or.kr/api/total-sfp/21100063?y=2020,2026-10-08T20:27:34+09:00
H-BUSAN-PAIK,2021,2021-03-01,2022-02-28,medical_revenue,의료수익,362273115215,khidi_haspa,https://haspa.khidi.or.kr/api/total-is/21100063?y=2021,2026-10-08T20:27:44+09:00
H-BUSAN-PAIK,2021,2021-03-01,2022-02-28,inpatient_revenue,입원수익,246141691498,khidi_haspa,https://haspa.khidi.or.kr/api/total-is/21100063?y=2021,2026-10-08T20:27:44+09:00
H-BUSAN-PAIK,2021,2021-03-01,2022-02-28,outpatient_revenue,외래수익,104171565177,khidi_haspa,https://haspa.khidi.or.kr/api/total-is/21100063?y=2021,2026-10-08T20:27:44+09:00
H-BUSAN-PAIK,2021,2021-03-01,2022-02-28,medical_expense,의료비용,344644300459,khidi_haspa,https://haspa.khidi.or.kr/api/total-is/21100063?y=2021,2026-10-08T20:27:44+09:00
H-BUSAN-PAIK,2021,2021-03-01,2022-02-28,labor_cost,인건비,161754713397,khidi_haspa,https://haspa.khidi.or.kr/api/total-is/21100063?y=2021,2026-10-08T20:27:44+09:00
H-BUSAN-PAIK,2021,2021-03-01,2022-02-28,material_cost,재료비,131132737103,khidi_haspa,https://haspa.khidi.or.kr/api/total-is/21100063?y=2021,2026-10-08T20:27:44+09:00
H-BUSAN-PAIK,2021,2021-03-01,2022-02-28,drug_cost,약품비,61549071434,khidi_haspa,https://haspa.khidi.or.kr/api/total-is/21100063?y=2021,2026-10-08T20:27:44+09:00
H-BUSAN-PAIK,2021,2021-03-01,2022-02-28,supply_cost,진료재료비,67027822892,khidi_haspa,https://haspa.khidi.or.kr/api/total-is/21100063?y=2021,2026-10-08T20:27:44+09:00
H-BUSAN-PAIK,2021,2021-03-01,2022-02-28,admin_cost,관리운영비,51756849959,khidi_haspa,https://haspa.khidi.or.kr/api/total-is/21100063?y=2021,2026-10-08T20:27:44+09:00
H-BUSAN-PAIK,2021,2021-03-01,2022-02-28,medical_profit,의료이익(손실),17628814756,khidi_haspa,https://haspa.khidi.or.kr/api/total-is/21100063?y=2021,2026-10-08T20:27:44+09:00
H-BUSAN-PAIK,2021,2021-03-01,2022-02-28,non_medical_revenue,의료외수익,20257451445,khidi_haspa,https://haspa.khidi.or.kr/api/total-is/21100063?y=2021,2026-10-08T20:27:44+09:00
H-BUSAN-PAIK,2021,2021-03-01,2022-02-28,non_medical_expense,의료외비용,5763988272,khidi_haspa,https://haspa.khidi.or.kr/api/total-is/21100063?y=2021,2026-10-08T20:27:44+09:00
H-BUSAN-PAIK,2021,2021-03-01,2022-02-28,net_income,당기순이익,384032547,khidi_haspa,https://haspa.khidi.or.kr/api/total-is/21100063?y=2021,2026-10-08T20:27:44+09:00
H-BUSAN-PAIK,2021,2021-03-01,2022-02-28,total_assets,자산총계,207841382341,khidi_haspa,https://haspa.khidi.or.kr/api/total-sfp/21100063?y=2021,2026-10-08T20:27:44+09:00
H-BUSAN-PAIK,2021,2021-03-01,2022-02-28,total_liabilities,부채총계,226724763066,khidi_haspa,https://haspa.khidi.or.kr/api/total-sfp/21100063?y=2021,2026-10-08T20:27:44+09:00
H-BUSAN-PAIK,2021,2021-03-01,2022-02-28,total_equity,자본총계,-18883380725,khidi_haspa,https://haspa.khidi.or.kr/api/total-sfp/21100063?y=2021,2026-10-08T20:27:44+09:00
H-BUSAN-PAIK,2021,2021-03-01,2022-02-28,current_assets,유동자산,121360597987,khidi_haspa,https://haspa.khidi.or.kr/api/total-sfp/21100063?y=2021,2026-10-08T20:27:44+09:00
H-BUSAN-PAIK,2021,2021-03-01,2022-02-28,current_liabilities,유동부채,91513286315,khidi_haspa,https://haspa.khidi.or.kr/api/total-sfp/21100063?y=2021,2026-10-08T20:27:44+09:00
H-BUSAN-PAIK,2021,2021-03-01,2022-02-28,short_term_borrowings,단기차입금,0,khidi_haspa,https://haspa.khidi.or.kr/api/total-sfp/21100063?y=2021,2026-10-08T20:27:44+09:00
H-BUSAN-PAIK,2021,2021-03-01,2022-02-28,employee_short_term_borrowings,임직원단기차입금,0,khidi_haspa,https://haspa.khidi.or.kr/api/total-sfp/21100063?y=2021,2026-10-08T20:27:44+09:00
H-BUSAN-PAIK,2021,2021-03-01,2022-02-28,current_long_term_debt,유동성장기부채,5229416298,khidi_haspa,https://haspa.khidi.or.kr/api/total-sfp/21100063?y=2021,2026-10-08T20:27:44+09:00
H-BUSAN-PAIK,2021,2021-03-01,2022-02-28,long_term_borrowings,장기차입금,0,khidi_haspa,https://haspa.khidi.or.kr/api/total-sfp/21100063?y=2021,2026-10-08T20:27:44+09:00
H-BUSAN-PAIK,2021,2021-03-01,2022-02-28,foreign_long_term_borrowings,외화장기차입금,0,khidi_haspa,https://haspa.khidi.or.kr/api/total-sfp/21100063?y=2021,2026-10-08T20:27:44+09:00
H-BUSAN-PAIK,2022,2022-03-01,2023-02-28,medical_revenue,의료수익,374174253302,khidi_haspa,https://haspa.khidi.or.kr/api/total-is/21100063?y=2022,2026-10-08T20:27:54+09:00
H-BUSAN-PAIK,2022,2022-03-01,2023-02-28,inpatient_revenue,입원수익,256067326155,khidi_haspa,https://haspa.khidi.or.kr/api/total-is/21100063?y=2022,2026-10-08T20:27:54+09:00
H-BUSAN-PAIK,2022,2022-03-01,2023-02-28,outpatient_revenue,외래수익,105829722421,khidi_haspa,https://haspa.khidi.or.kr/api/total-is/21100063?y=2022,2026-10-08T20:27:54+09:00
H-BUSAN-PAIK,2022,2022-03-01,2023-02-28,medical_expense,의료비용,358608565439,khidi_haspa,https://haspa.khidi.or.kr/api/total-is/21100063?y=2022,2026-10-08T20:27:54+09:00
H-BUSAN-PAIK,2022,2022-03-01,2023-02-28,labor_cost,인건비,168970468012,khidi_haspa,https://haspa.khidi.or.kr/api/total-is/21100063?y=2022,2026-10-08T20:27:54+09:00
H-BUSAN-PAIK,2022,2022-03-01,2023-02-28,material_cost,재료비,134704156093,khidi_haspa,https://haspa.khidi.or.kr/api/total-is/21100063?y=2022,2026-10-08T20:27:54+09:00
H-BUSAN-PAIK,2022,2022-03-01,2023-02-28,drug_cost,약품비,63995370155,khidi_haspa,https://haspa.khidi.or.kr/api/total-is/21100063?y=2022,2026-10-08T20:27:54+09:00
H-BUSAN-PAIK,2022,2022-03-01,2023-02-28,supply_cost,진료재료비,68080641666,khidi_haspa,https://haspa.khidi.or.kr/api/total-is/21100063?y=2022,2026-10-08T20:27:54+09:00
H-BUSAN-PAIK,2022,2022-03-01,2023-02-28,admin_cost,관리운영비,54933941334,khidi_haspa,https://haspa.khidi.or.kr/api/total-is/21100063?y=2022,2026-10-08T20:27:54+09:00
H-BUSAN-PAIK,2022,2022-03-01,2023-02-28,medical_profit,의료이익(손실),15565687863,khidi_haspa,https://haspa.khidi.or.kr/api/total-is/21100063?y=2022,2026-10-08T20:27:54+09:00
H-BUSAN-PAIK,2022,2022-03-01,2023-02-28,non_medical_revenue,의료외수익,26614413363,khidi_haspa,https://haspa.khidi.or.kr/api/total-is/21100063?y=2022,2026-10-08T20:27:54+09:00
H-BUSAN-PAIK,2022,2022-03-01,2023-02-28,non_medical_expense,의료외비용,8865689541,khidi_haspa,https://haspa.khidi.or.kr/api/total-is/21100063?y=2022,2026-10-08T20:27:54+09:00
H-BUSAN-PAIK,2022,2022-03-01,2023-02-28,net_income,당기순이익,-4728681324,khidi_haspa,https://haspa.khidi.or.kr/api/total-is/21100063?y=2022,2026-10-08T20:27:54+09:00
H-BUSAN-PAIK,2022,2022-03-01,2023-02-28,total_assets,자산총계,245604745349,khidi_haspa,https://haspa.khidi.or.kr/api/total-sfp/21100063?y=2022,2026-10-08T20:27:54+09:00
H-BUSAN-PAIK,2022,2022-03-01,2023-02-28,total_liabilities,부채총계,269216807398,khidi_haspa,https://haspa.khidi.or.kr/api/total-sfp/21100063?y=2022,2026-10-08T20:27:54+09:00
H-BUSAN-PAIK,2022,2022-03-01,2023-02-28,total_equity,자본총계,-23612062049,khidi_haspa,https://haspa.khidi.or.kr/api/total-sfp/21100063?y=2022,2026-10-08T20:27:54+09:00
H-BUSAN-PAIK,2022,2022-03-01,2023-02-28,current_assets,유동자산,158489768746,khidi_haspa,https://haspa.khidi.or.kr/api/total-sfp/21100063?y=2022,2026-10-08T20:27:54+09:00
H-BUSAN-PAIK,2022,2022-03-01,2023-02-28,current_liabilities,유동부채,106532957861,khidi_haspa,https://haspa.khidi.or.kr/api/total-sfp/21100063?y=2022,2026-10-08T20:27:54+09:00
H-BUSAN-PAIK,2022,2022-03-01,2023-02-28,short_term_borrowings,단기차입금,0,khidi_haspa,https://haspa.khidi.or.kr/api/total-sfp/21100063?y=2022,2026-10-08T20:27:54+09:00
H-BUSAN-PAIK,2022,2022-03-01,2023-02-28,employee_short_term_borrowings,임직원단기차입금,0,khidi_haspa,https://haspa.khidi.or.kr/api/total-sfp/21100063?y=2022,2026-10-08T20:27:54+09:00
H-BUSAN-PAIK,2022,2022-03-01,2023-02-28,current_long_term_debt,유동성장기부채,5758974278,khidi_haspa,https://haspa.khidi.or.kr/api/total-sfp/21100063?y=2022,2026-10-08T20:27:54+09:00
H-BUSAN-PAIK,2022,2022-03-01,2023-02-28,long_term_borrowings,장기차입금,0,khidi_haspa,https://haspa.khidi.or.kr/api/total-sfp/21100063?y=2022,2026-10-08T20:27:54+09:00
H-BUSAN-PAIK,2022,2022-03-01,2023-02-28,foreign_long_term_borrowings,외화장기차입금,0,khidi_haspa,https://haspa.khidi.or.kr/api/total-sfp/21100063?y=2022,2026-10-08T20:27:54+09:00
H-BUSAN-PAIK,2023,2023-03-01,2024-02-29,medical_revenue,의료수익,399521805245,khidi_haspa,https://haspa.khidi.or.kr/api/total-is/21100063?y=2023,2026-10-08T20:28:03+09:00
H-BUSAN-PAIK,2023,2023-03-01,2024-02-29,inpatient_revenue,입원수익,273680126056,khidi_haspa,https://haspa.khidi.or.kr/api/total-is/21100063?y=2023,2026-10-08T20:28:03+09:00
H-BUSAN-PAIK,2023,2023-03-01,2024-02-29,outpatient_revenue,외래수익,113130987510,khidi_haspa,https://haspa.khidi.or.kr/api/total-is/21100063?y=2023,2026-10-08T20:28:03+09:00
H-BUSAN-PAIK,2023,2023-03-01,2024-02-29,medical_expense,의료비용,394296229621,khidi_haspa,https://haspa.khidi.or.kr/api/total-is/21100063?y=2023,2026-10-08T20:28:03+09:00
H-BUSAN-PAIK,2023,2023-03-01,2024-02-29,labor_cost,인건비,181795408566,khidi_haspa,https://haspa.khidi.or.kr/api/total-is/21100063?y=2023,2026-10-08T20:28:03+09:00
H-BUSAN-PAIK,2023,2023-03-01,2024-02-29,material_cost,재료비,152332205613,khidi_haspa,https://haspa.khidi.or.kr/api/total-is/21100063?y=2023,2026-10-08T20:28:03+09:00
H-BUSAN-PAIK,2023,2023-03-01,2024-02-29,drug_cost,약품비,73005886846,khidi_haspa,https://haspa.khidi.or.kr/api/total-is/21100063?y=2023,2026-10-08T20:28:03+09:00
H-BUSAN-PAIK,2023,2023-03-01,2024-02-29,supply_cost,진료재료비,72284881826,khidi_haspa,https://haspa.khidi.or.kr/api/total-is/21100063?y=2023,2026-10-08T20:28:03+09:00
H-BUSAN-PAIK,2023,2023-03-01,2024-02-29,admin_cost,관리운영비,60168615442,khidi_haspa,https://haspa.khidi.or.kr/api/total-is/21100063?y=2023,2026-10-08T20:28:03+09:00
H-BUSAN-PAIK,2023,2023-03-01,2024-02-29,medical_profit,의료이익(손실),5225575624,khidi_haspa,https://haspa.khidi.or.kr/api/total-is/21100063?y=2023,2026-10-08T20:28:03+09:00
H-BUSAN-PAIK,2023,2023-03-01,2024-02-29,non_medical_revenue,의료외수익,11755442622,khidi_haspa,https://haspa.khidi.or.kr/api/total-is/21100063?y=2023,2026-10-08T20:28:03+09:00
H-BUSAN-PAIK,2023,2023-03-01,2024-02-29,non_medical_expense,의료외비용,6934937262,khidi_haspa,https://haspa.khidi.or.kr/api/total-is/21100063?y=2023,2026-10-08T20:28:03+09:00
H-BUSAN-PAIK,2023,2023-03-01,2024-02-29,net_income,당기순이익,17507506461,khidi_haspa,https://haspa.khidi.or.kr/api/total-is/21100063?y=2023,2026-10-08T20:28:03+09:00
H-BUSAN-PAIK,2023,2023-03-01,2024-02-29,total_assets,자산총계,273881849582,khidi_haspa,https://haspa.khidi.or.kr/api/total-sfp/21100063?y=2023,2026-10-08T20:28:03+09:00
H-BUSAN-PAIK,2023,2023-03-01,2024-02-29,total_liabilities,부채총계,279986405170,khidi_haspa,https://haspa.khidi.or.kr/api/total-sfp/21100063?y=2023,2026-10-08T20:28:03+09:00
H-BUSAN-PAIK,2023,2023-03-01,2024-02-29,total_equity,자본총계,-6104555588,khidi_haspa,https://haspa.khidi.or.kr/api/total-sfp/21100063?y=2023,2026-10-08T20:28:03+09:00
H-BUSAN-PAIK,2023,2023-03-01,2024-02-29,current_assets,유동자산,188262015886,khidi_haspa,https://haspa.khidi.or.kr/api/total-sfp/21100063?y=2023,2026-10-08T20:28:03+09:00
H-BUSAN-PAIK,2023,2023-03-01,2024-02-29,current_liabilities,유동부채,134343554055,khidi_haspa,https://haspa.khidi.or.kr/api/total-sfp/21100063?y=2023,2026-10-08T20:28:03+09:00
H-BUSAN-PAIK,2023,2023-03-01,2024-02-29,short_term_borrowings,단기차입금,0,khidi_haspa,https://haspa.khidi.or.kr/api/total-sfp/21100063?y=2023,2026-10-08T20:28:03+09:00
H-BUSAN-PAIK,2023,2023-03-01,2024-02-29,employee_short_term_borrowings,임직원단기차입금,0,khidi_haspa,https://haspa.khidi.or.kr/api/total-sfp/21100063?y=2023,2026-10-08T20:28:03+09:00
H-BUSAN-PAIK,2023,2023-03-01,2024-02-29,current_long_term_debt,유동성장기부채,5626606661,khidi_haspa,https://haspa.khidi.or.kr/api/total-sfp/21100063?y=2023,2026-10-08T20:28:03+09:00
H-BUSAN-PAIK,2023,2023-03-01,2024-02-29,long_term_borrowings,장기차입금,0,khidi_haspa,https://haspa.khidi.or.kr/api/total-sfp/21100063?y=2023,2026-10-08T20:28:03+09:00
H-BUSAN-PAIK,2023,2023-03-01,2024-02-29,foreign_long_term_borrowings,외화장기차입금,0,khidi_haspa,https://haspa.khidi.or.kr/api/total-sfp/21100063?y=2023,2026-10-08T20:28:03+09:00
H-BUSAN-PAIK,2024,2024-03-01,2025-02-28,medical_revenue,의료수익,343174249448,khidi_haspa,https://haspa.khidi.or.kr/api/total-is/21100063?y=2024,2026-10-08T20:28:13+09:00
H-BUSAN-PAIK,2024,2024-03-01,2025-02-28,inpatient_revenue,입원수익,225217035483,khidi_haspa,https://haspa.khidi.or.kr/api/total-is/21100063?y=2024,2026-10-08T20:28:13+09:00
H-BUSAN-PAIK,2024,2024-03-01,2025-02-28,outpatient_revenue,외래수익,107232147312,khidi_haspa,https://haspa.khidi.or.kr/api/total-is/21100063?y=2024,2026-10-08T20:28:13+09:00
H-BUSAN-PAIK,2024,2024-03-01,2025-02-28,medical_expense,의료비용,356581552082,khidi_haspa,https://haspa.khidi.or.kr/api/total-is/21100063?y=2024,2026-10-08T20:28:13+09:00
H-BUSAN-PAIK,2024,2024-03-01,2025-02-28,labor_cost,인건비,172870249328,khidi_haspa,https://haspa.khidi.or.kr/api/total-is/21100063?y=2024,2026-10-08T20:28:13+09:00
H-BUSAN-PAIK,2024,2024-03-01,2025-02-28,material_cost,재료비,125960159138,khidi_haspa,https://haspa.khidi.or.kr/api/total-is/21100063?y=2024,2026-10-08T20:28:13+09:00
H-BUSAN-PAIK,2024,2024-03-01,2025-02-28,drug_cost,약품비,63795872220,khidi_haspa,https://haspa.khidi.or.kr/api/total-is/21100063?y=2024,2026-10-08T20:28:13+09:00
H-BUSAN-PAIK,2024,2024-03-01,2025-02-28,supply_cost,진료재료비,59443242972,khidi_haspa,https://haspa.khidi.or.kr/api/total-is/21100063?y=2024,2026-10-08T20:28:13+09:00
H-BUSAN-PAIK,2024,2024-03-01,2025-02-28,admin_cost,관리운영비,57751143616,khidi_haspa,https://haspa.khidi.or.kr/api/total-is/21100063?y=2024,2026-10-08T20:28:13+09:00
H-BUSAN-PAIK,2024,2024-03-01,2025-02-28,medical_profit,의료이익(손실),-13407302634,khidi_haspa,https://haspa.khidi.or.kr/api/total-is/21100063?y=2024,2026-10-08T20:28:13+09:00
H-BUSAN-PAIK,2024,2024-03-01,2025-02-28,non_medical_revenue,의료외수익,24466732091,khidi_haspa,https://haspa.khidi.or.kr/api/total-is/21100063?y=2024,2026-10-08T20:28:13+09:00
H-BUSAN-PAIK,2024,2024-03-01,2025-02-28,non_medical_expense,의료외비용,13069806816,khidi_haspa,https://haspa.khidi.or.kr/api/total-is/21100063?y=2024,2026-10-08T20:28:13+09:00
H-BUSAN-PAIK,2024,2024-03-01,2025-02-28,net_income,당기순이익,5681921676,khidi_haspa,https://haspa.khidi.or.kr/api/total-is/21100063?y=2024,2026-10-08T20:28:13+09:00
H-BUSAN-PAIK,2024,2024-03-01,2025-02-28,total_assets,자산총계,257618963131,khidi_haspa,https://haspa.khidi.or.kr/api/total-sfp/21100063?y=2024,2026-10-08T20:28:13+09:00
H-BUSAN-PAIK,2024,2024-03-01,2025-02-28,total_liabilities,부채총계,258041597043,khidi_haspa,https://haspa.khidi.or.kr/api/total-sfp/21100063?y=2024,2026-10-08T20:28:13+09:00
H-BUSAN-PAIK,2024,2024-03-01,2025-02-28,total_equity,자본총계,-422633912,khidi_haspa,https://haspa.khidi.or.kr/api/total-sfp/21100063?y=2024,2026-10-08T20:28:13+09:00
H-BUSAN-PAIK,2024,2024-03-01,2025-02-28,current_assets,유동자산,182014114695,khidi_haspa,https://haspa.khidi.or.kr/api/total-sfp/21100063?y=2024,2026-10-08T20:28:13+09:00
H-BUSAN-PAIK,2024,2024-03-01,2025-02-28,current_liabilities,유동부채,140049707643,khidi_haspa,https://haspa.khidi.or.kr/api/total-sfp/21100063?y=2024,2026-10-08T20:28:13+09:00
H-BUSAN-PAIK,2024,2024-03-01,2025-02-28,short_term_borrowings,단기차입금,0,khidi_haspa,https://haspa.khidi.or.kr/api/total-sfp/21100063?y=2024,2026-10-08T20:28:13+09:00
H-BUSAN-PAIK,2024,2024-03-01,2025-02-28,employee_short_term_borrowings,임직원단기차입금,0,khidi_haspa,https://haspa.khidi.or.kr/api/total-sfp/21100063?y=2024,2026-10-08T20:28:13+09:00
H-BUSAN-PAIK,2024,2024-03-01,2025-02-28,current_long_term_debt,유동성장기부채,3878009971,khidi_haspa,https://haspa.khidi.or.kr/api/total-sfp/21100063?y=2024,2026-10-08T20:28:13+09:00
H-BUSAN-PAIK,2024,2024-03-01,2025-02-28,long_term_borrowings,장기차입금,0,khidi_haspa,https://haspa.khidi.or.kr/api/total-sfp/21100063?y=2024,2026-10-08T20:28:13+09:00
H-BUSAN-PAIK,2024,2024-03-01,2025-02-28,foreign_long_term_borrowings,외화장기차입금,0,khidi_haspa,https://haspa.khidi.or.kr/api/total-sfp/21100063?y=2024,2026-10-08T20:28:13+09:00
H-DAUH,2016,2016-03-01,2017-02-28,medical_revenue,의료수익,266098704370,khidi_haspa,https://haspa.khidi.or.kr/api/total-is/21100390?y=2016,2026-10-08T20:36:04+09:00
H-DAUH,2016,2016-03-01,2017-02-28,inpatient_revenue,입원수익,179563837519,khidi_haspa,https://haspa.khidi.or.kr/api/total-is/21100390?y=2016,2026-10-08T20:36:04+09:00
H-DAUH,2016,2016-03-01,2017-02-28,outpatient_revenue,외래수익,74462109198,khidi_haspa,https://haspa.khidi.or.kr/api/total-is/21100390?y=2016,2026-10-08T20:36:04+09:00
H-DAUH,2016,2016-03-01,2017-02-28,medical_expense,의료비용,243983246384,khidi_haspa,https://haspa.khidi.or.kr/api/total-is/21100390?y=2016,2026-10-08T20:36:04+09:00
H-DAUH,2016,2016-03-01,2017-02-28,labor_cost,인건비,106561090646,khidi_haspa,https://haspa.khidi.or.kr/api/total-is/21100390?y=2016,2026-10-08T20:36:04+09:00
H-DAUH,2016,2016-03-01,2017-02-28,material_cost,재료비,93081143957,khidi_haspa,https://haspa.khidi.or.kr/api/total-is/21100390?y=2016,2026-10-08T20:36:04+09:00
H-DAUH,2016,2016-03-01,2017-02-28,drug_cost,약품비,43754483407,khidi_haspa,https://haspa.khidi.or.kr/api/total-is/21100390?y=2016,2026-10-08T20:36:04+09:00
H-DAUH,2016,2016-03-01,2017-02-28,supply_cost,진료재료비,46128339285,khidi_haspa,https://haspa.khidi.or.kr/api/total-is/21100390?y=2016,2026-10-08T20:36:04+09:00
H-DAUH,2016,2016-03-01,2017-02-28,admin_cost,관리운영비,44341011781,khidi_haspa,https://haspa.khidi.or.kr/api/total-is/21100390?y=2016,2026-10-08T20:36:04+09:00
H-DAUH,2016,2016-03-01,2017-02-28,medical_profit,의료이익(손실),22115457986,khidi_haspa,https://haspa.khidi.or.kr/api/total-is/21100390?y=2016,2026-10-08T20:36:04+09:00
H-DAUH,2016,2016-03-01,2017-02-28,non_medical_revenue,의료외수익,6884420235,khidi_haspa,https://haspa.khidi.or.kr/api/total-is/21100390?y=2016,2026-10-08T20:36:04+09:00
H-DAUH,2016,2016-03-01,2017-02-28,non_medical_expense,의료외비용,6997683377,khidi_haspa,https://haspa.khidi.or.kr/api/total-is/21100390?y=2016,2026-10-08T20:36:04+09:00
H-DAUH,2016,2016-03-01,2017-02-28,net_income,당기순이익,749974,khidi_haspa,https://haspa.khidi.or.kr/api/total-is/21100390?y=2016,2026-10-08T20:36:04+09:00
H-DAUH,2016,2016-03-01,2017-02-28,total_assets,자산총계,173024007556,khidi_haspa,https://haspa.khidi.or.kr/api/total-sfp/21100390?y=2016,2026-10-08T20:36:04+09:00
H-DAUH,2016,2016-03-01,2017-02-28,total_liabilities,부채총계,136806504770,khidi_haspa,https://haspa.khidi.or.kr/api/total-sfp/21100390?y=2016,2026-10-08T20:36:04+09:00
H-DAUH,2016,2016-03-01,2017-02-28,total_equity,자본총계,36217502786,khidi_haspa,https://haspa.khidi.or.kr/api/total-sfp/21100390?y=2016,2026-10-08T20:36:04+09:00
H-DAUH,2016,2016-03-01,2017-02-28,current_assets,유동자산,50854695460,khidi_haspa,https://haspa.khidi.or.kr/api/total-sfp/21100390?y=2016,2026-10-08T20:36:04+09:00
H-DAUH,2016,2016-03-01,2017-02-28,current_liabilities,유동부채,56574053435,khidi_haspa,https://haspa.khidi.or.kr/api/total-sfp/21100390?y=2016,2026-10-08T20:36:04+09:00
H-DAUH,2016,2016-03-01,2017-02-28,short_term_borrowings,단기차입금,0,khidi_haspa,https://haspa.khidi.or.kr/api/total-sfp/21100390?y=2016,2026-10-08T20:36:04+09:00
H-DAUH,2016,2016-03-01,2017-02-28,employee_short_term_borrowings,임직원단기차입금,0,khidi_haspa,https://haspa.khidi.or.kr/api/total-sfp/21100390?y=2016,2026-10-08T20:36:04+09:00
H-DAUH,2016,2016-03-01,2017-02-28,current_long_term_debt,유동성장기부채,6266364930,khidi_haspa,https://haspa.khidi.or.kr/api/total-sfp/21100390?y=2016,2026-10-08T20:36:04+09:00
H-DAUH,2016,2016-03-01,2017-02-28,long_term_borrowings,장기차입금,39811940800,khidi_haspa,https://haspa.khidi.or.kr/api/total-sfp/21100390?y=2016,2026-10-08T20:36:04+09:00
H-DAUH,2016,2016-03-01,2017-02-28,foreign_long_term_borrowings,외화장기차입금,0,khidi_haspa,https://haspa.khidi.or.kr/api/total-sfp/21100390?y=2016,2026-10-08T20:36:04+09:00
H-DAUH,2017,2017-03-01,2018-02-28,medical_revenue,의료수익,282417446773,khidi_haspa,https://haspa.khidi.or.kr/api/total-is/21100390?y=2017,2026-10-08T20:36:15+09:00
H-DAUH,2017,2017-03-01,2018-02-28,inpatient_revenue,입원수익,195417653549,khidi_haspa,https://haspa.khidi.or.kr/api/total-is/21100390?y=2017,2026-10-08T20:36:15+09:00
H-DAUH,2017,2017-03-01,2018-02-28,outpatient_revenue,외래수익,76222154422,khidi_haspa,https://haspa.khidi.or.kr/api/total-is/21100390?y=2017,2026-10-08T20:36:15+09:00
H-DAUH,2017,2017-03-01,2018-02-28,medical_expense,의료비용,252622063759,khidi_haspa,https://haspa.khidi.or.kr/api/total-is/21100390?y=2017,2026-10-08T20:36:15+09:00
H-DAUH,2017,2017-03-01,2018-02-28,labor_cost,인건비,113861266222,khidi_haspa,https://haspa.khidi.or.kr/api/total-is/21100390?y=2017,2026-10-08T20:36:15+09:00
H-DAUH,2017,2017-03-01,2018-02-28,material_cost,재료비,94894109691,khidi_haspa,https://haspa.khidi.or.kr/api/total-is/21100390?y=2017,2026-10-08T20:36:15+09:00
H-DAUH,2017,2017-03-01,2018-02-28,drug_cost,약품비,44454362407,khidi_haspa,https://haspa.khidi.or.kr/api/total-is/21100390?y=2017,2026-10-08T20:36:15+09:00
H-DAUH,2017,2017-03-01,2018-02-28,supply_cost,진료재료비,47069340634,khidi_haspa,https://haspa.khidi.or.kr/api/total-is/21100390?y=2017,2026-10-08T20:36:15+09:00
H-DAUH,2017,2017-03-01,2018-02-28,admin_cost,관리운영비,43866687846,khidi_haspa,https://haspa.khidi.or.kr/api/total-is/21100390?y=2017,2026-10-08T20:36:15+09:00
H-DAUH,2017,2017-03-01,2018-02-28,medical_profit,의료이익(손실),29795383014,khidi_haspa,https://haspa.khidi.or.kr/api/total-is/21100390?y=2017,2026-10-08T20:36:15+09:00
H-DAUH,2017,2017-03-01,2018-02-28,non_medical_revenue,의료외수익,12707175792,khidi_haspa,https://haspa.khidi.or.kr/api/total-is/21100390?y=2017,2026-10-08T20:36:15+09:00
H-DAUH,2017,2017-03-01,2018-02-28,non_medical_expense,의료외비용,10813275413,khidi_haspa,https://haspa.khidi.or.kr/api/total-is/21100390?y=2017,2026-10-08T20:36:15+09:00
H-DAUH,2017,2017-03-01,2018-02-28,net_income,당기순이익,640434,khidi_haspa,https://haspa.khidi.or.kr/api/total-is/21100390?y=2017,2026-10-08T20:36:15+09:00
H-DAUH,2017,2017-03-01,2018-02-28,total_assets,자산총계,206899335913,khidi_haspa,https://haspa.khidi.or.kr/api/total-sfp/21100390?y=2017,2026-10-08T20:36:15+09:00
H-DAUH,2017,2017-03-01,2018-02-28,total_liabilities,부채총계,170681192693,khidi_haspa,https://haspa.khidi.or.kr/api/total-sfp/21100390?y=2017,2026-10-08T20:36:15+09:00
H-DAUH,2017,2017-03-01,2018-02-28,total_equity,자본총계,36218143220,khidi_haspa,https://haspa.khidi.or.kr/api/total-sfp/21100390?y=2017,2026-10-08T20:36:15+09:00
H-DAUH,2017,2017-03-01,2018-02-28,current_assets,유동자산,74730585322,khidi_haspa,https://haspa.khidi.or.kr/api/total-sfp/21100390?y=2017,2026-10-08T20:36:15+09:00
H-DAUH,2017,2017-03-01,2018-02-28,current_liabilities,유동부채,60095672288,khidi_haspa,https://haspa.khidi.or.kr/api/total-sfp/21100390?y=2017,2026-10-08T20:36:15+09:00
H-DAUH,2017,2017-03-01,2018-02-28,short_term_borrowings,단기차입금,0,khidi_haspa,https://haspa.khidi.or.kr/api/total-sfp/21100390?y=2017,2026-10-08T20:36:15+09:00
H-DAUH,2017,2017-03-01,2018-02-28,employee_short_term_borrowings,임직원단기차입금,0,khidi_haspa,https://haspa.khidi.or.kr/api/total-sfp/21100390?y=2017,2026-10-08T20:36:15+09:00
H-DAUH,2017,2017-03-01,2018-02-28,current_long_term_debt,유동성장기부채,4882852000,khidi_haspa,https://haspa.khidi.or.kr/api/total-sfp/21100390?y=2017,2026-10-08T20:36:15+09:00
H-DAUH,2017,2017-03-01,2018-02-28,long_term_borrowings,장기차입금,58689081000,khidi_haspa,https://haspa.khidi.or.kr/api/total-sfp/21100390?y=2017,2026-10-08T20:36:15+09:00
H-DAUH,2017,2017-03-01,2018-02-28,foreign_long_term_borrowings,외화장기차입금,0,khidi_haspa,https://haspa.khidi.or.kr/api/total-sfp/21100390?y=2017,2026-10-08T20:36:15+09:00
H-DAUH,2018,2018-03-01,2019-02-28,medical_revenue,의료수익,299708328949,khidi_haspa,https://haspa.khidi.or.kr/api/total-is/21100390?y=2018,2026-10-08T20:36:26+09:00
H-DAUH,2018,2018-03-01,2019-02-28,inpatient_revenue,입원수익,210091202355,khidi_haspa,https://haspa.khidi.or.kr/api/total-is/21100390?y=2018,2026-10-08T20:36:26+09:00
H-DAUH,2018,2018-03-01,2019-02-28,outpatient_revenue,외래수익,78398632401,khidi_haspa,https://haspa.khidi.or.kr/api/total-is/21100390?y=2018,2026-10-08T20:36:26+09:00
H-DAUH,2018,2018-03-01,2019-02-28,medical_expense,의료비용,265836396967,khidi_haspa,https://haspa.khidi.or.kr/api/total-is/21100390?y=2018,2026-10-08T20:36:26+09:00
H-DAUH,2018,2018-03-01,2019-02-28,labor_cost,인건비,119168527033,khidi_haspa,https://haspa.khidi.or.kr/api/total-is/21100390?y=2018,2026-10-08T20:36:26+09:00
H-DAUH,2018,2018-03-01,2019-02-28,material_cost,재료비,100864860112,khidi_haspa,https://haspa.khidi.or.kr/api/total-is/21100390?y=2018,2026-10-08T20:36:26+09:00
H-DAUH,2018,2018-03-01,2019-02-28,drug_cost,약품비,47891327059,khidi_haspa,https://haspa.khidi.or.kr/api/total-is/21100390?y=2018,2026-10-08T20:36:26+09:00
H-DAUH,2018,2018-03-01,2019-02-28,supply_cost,진료재료비,49453075708,khidi_haspa,https://haspa.khidi.or.kr/api/total-is/21100390?y=2018,2026-10-08T20:36:26+09:00
H-DAUH,2018,2018-03-01,2019-02-28,admin_cost,관리운영비,45803009822,khidi_haspa,https://haspa.khidi.or.kr/api/total-is/21100390?y=2018,2026-10-08T20:36:26+09:00
H-DAUH,2018,2018-03-01,2019-02-28,medical_profit,의료이익(손실),33871931982,khidi_haspa,https://haspa.khidi.or.kr/api/total-is/21100390?y=2018,2026-10-08T20:36:26+09:00
H-DAUH,2018,2018-03-01,2019-02-28,non_medical_revenue,의료외수익,11151809890,khidi_haspa,https://haspa.khidi.or.kr/api/total-is/21100390?y=2018,2026-10-08T20:36:26+09:00
H-DAUH,2018,2018-03-01,2019-02-28,non_medical_expense,의료외비용,10992294288,khidi_haspa,https://haspa.khidi.or.kr/api/total-is/21100390?y=2018,2026-10-08T20:36:26+09:00
H-DAUH,2018,2018-03-01,2019-02-28,net_income,당기순이익,74081,khidi_haspa,https://haspa.khidi.or.kr/api/total-is/21100390?y=2018,2026-10-08T20:36:26+09:00
H-DAUH,2018,2018-03-01,2019-02-28,total_assets,자산총계,226041218373,khidi_haspa,https://haspa.khidi.or.kr/api/total-sfp/21100390?y=2018,2026-10-08T20:36:26+09:00
H-DAUH,2018,2018-03-01,2019-02-28,total_liabilities,부채총계,189823001072,khidi_haspa,https://haspa.khidi.or.kr/api/total-sfp/21100390?y=2018,2026-10-08T20:36:26+09:00
H-DAUH,2018,2018-03-01,2019-02-28,total_equity,자본총계,36218217301,khidi_haspa,https://haspa.khidi.or.kr/api/total-sfp/21100390?y=2018,2026-10-08T20:36:26+09:00
H-DAUH,2018,2018-03-01,2019-02-28,current_assets,유동자산,81236022861,khidi_haspa,https://haspa.khidi.or.kr/api/total-sfp/21100390?y=2018,2026-10-08T20:36:26+09:00
H-DAUH,2018,2018-03-01,2019-02-28,current_liabilities,유동부채,65504618954,khidi_haspa,https://haspa.khidi.or.kr/api/total-sfp/21100390?y=2018,2026-10-08T20:36:26+09:00
H-DAUH,2018,2018-03-01,2019-02-28,short_term_borrowings,단기차입금,0,khidi_haspa,https://haspa.khidi.or.kr/api/total-sfp/21100390?y=2018,2026-10-08T20:36:26+09:00
H-DAUH,2018,2018-03-01,2019-02-28,employee_short_term_borrowings,임직원단기차입금,0,khidi_haspa,https://haspa.khidi.or.kr/api/total-sfp/21100390?y=2018,2026-10-08T20:36:26+09:00
H-DAUH,2018,2018-03-01,2019-02-28,current_long_term_debt,유동성장기부채,5729043000,khidi_haspa,https://haspa.khidi.or.kr/api/total-sfp/21100390?y=2018,2026-10-08T20:36:26+09:00
H-DAUH,2018,2018-03-01,2019-02-28,long_term_borrowings,장기차입금,56188038000,khidi_haspa,https://haspa.khidi.or.kr/api/total-sfp/21100390?y=2018,2026-10-08T20:36:26+09:00
H-DAUH,2018,2018-03-01,2019-02-28,foreign_long_term_borrowings,외화장기차입금,0,khidi_haspa,https://haspa.khidi.or.kr/api/total-sfp/21100390?y=2018,2026-10-08T20:36:26+09:00
H-DAUH,2019,2019-03-01,2020-02-29,medical_revenue,의료수익,315271196590,khidi_haspa,https://haspa.khidi.or.kr/api/total-is/21100390?y=2019,2026-10-08T20:36:36+09:00
H-DAUH,2019,2019-03-01,2020-02-29,inpatient_revenue,입원수익,221104816096,khidi_haspa,https://haspa.khidi.or.kr/api/total-is/21100390?y=2019,2026-10-08T20:36:36+09:00
H-DAUH,2019,2019-03-01,2020-02-29,outpatient_revenue,외래수익,83012347457,khidi_haspa,https://haspa.khidi.or.kr/api/total-is/21100390?y=2019,2026-10-08T20:36:36+09:00
H-DAUH,2019,2019-03-01,2020-02-29,medical_expense,의료비용,282212300036,khidi_haspa,https://haspa.khidi.or.kr/api/total-is/21100390?y=2019,2026-10-08T20:36:36+09:00
H-DAUH,2019,2019-03-01,2020-02-29,labor_cost,인건비,124831566454,khidi_haspa,https://haspa.khidi.or.kr/api/total-is/21100390?y=2019,2026-10-08T20:36:36+09:00
H-DAUH,2019,2019-03-01,2020-02-29,material_cost,재료비,103111570963,khidi_haspa,https://haspa.khidi.or.kr/api/total-is/21100390?y=2019,2026-10-08T20:36:36+09:00
H-DAUH,2019,2019-03-01,2020-02-29,drug_cost,약품비,52257095607,khidi_haspa,https://haspa.khidi.or.kr/api/total-is/21100390?y=2019,2026-10-08T20:36:36+09:00
H-DAUH,2019,2019-03-01,2020-02-29,supply_cost,진료재료비,50820540456,khidi_haspa,https://haspa.khidi.or.kr/api/total-is/21100390?y=2019,2026-10-08T20:36:36+09:00
H-DAUH,2019,2019-03-01,2020-02-29,admin_cost,관리운영비,54269162619,khidi_haspa,https://haspa.khidi.or.kr/api/total-is/21100390?y=2019,2026-10-08T20:36:36+09:00
H-DAUH,2019,2019-03-01,2020-02-29,medical_profit,의료이익(손실),33058896554,khidi_haspa,https://haspa.khidi.or.kr/api/total-is/21100390?y=2019,2026-10-08T20:36:36+09:00
H-DAUH,2019,2019-03-01,2020-02-29,non_medical_revenue,의료외수익,10626144042,khidi_haspa,https://haspa.khidi.or.kr/api/total-is/21100390?y=2019,2026-10-08T20:36:36+09:00
H-DAUH,2019,2019-03-01,2020-02-29,non_medical_expense,의료외비용,7444218383,khidi_haspa,https://haspa.khidi.or.kr/api/total-is/21100390?y=2019,2026-10-08T20:36:36+09:00
H-DAUH,2019,2019-03-01,2020-02-29,net_income,당기순이익,822213,khidi_haspa,https://haspa.khidi.or.kr/api/total-is/21100390?y=2019,2026-10-08T20:36:36+09:00
H-DAUH,2019,2019-03-01,2020-02-29,total_assets,자산총계,245013039288,khidi_haspa,https://haspa.khidi.or.kr/api/total-sfp/21100390?y=2019,2026-10-08T20:36:36+09:00
H-DAUH,2019,2019-03-01,2020-02-29,total_liabilities,부채총계,208793999774,khidi_haspa,https://haspa.khidi.or.kr/api/total-sfp/21100390?y=2019,2026-10-08T20:36:36+09:00
H-DAUH,2019,2019-03-01,2020-02-29,total_equity,자본총계,36219039514,khidi_haspa,https://haspa.khidi.or.kr/api/total-sfp/21100390?y=2019,2026-10-08T20:36:36+09:00
H-DAUH,2019,2019-03-01,2020-02-29,current_assets,유동자산,83155074767,khidi_haspa,https://haspa.khidi.or.kr/api/total-sfp/21100390?y=2019,2026-10-08T20:36:36+09:00
H-DAUH,2019,2019-03-01,2020-02-29,current_liabilities,유동부채,73110743192,khidi_haspa,https://haspa.khidi.or.kr/api/total-sfp/21100390?y=2019,2026-10-08T20:36:36+09:00
H-DAUH,2019,2019-03-01,2020-02-29,short_term_borrowings,단기차입금,0,khidi_haspa,https://haspa.khidi.or.kr/api/total-sfp/21100390?y=2019,2026-10-08T20:36:36+09:00
H-DAUH,2019,2019-03-01,2020-02-29,employee_short_term_borrowings,임직원단기차입금,0,khidi_haspa,https://haspa.khidi.or.kr/api/total-sfp/21100390?y=2019,2026-10-08T20:36:36+09:00
H-DAUH,2019,2019-03-01,2020-02-29,current_long_term_debt,유동성장기부채,10109044000,khidi_haspa,https://haspa.khidi.or.kr/api/total-sfp/21100390?y=2019,2026-10-08T20:36:36+09:00
H-DAUH,2019,2019-03-01,2020-02-29,long_term_borrowings,장기차입금,47848994000,khidi_haspa,https://haspa.khidi.or.kr/api/total-sfp/21100390?y=2019,2026-10-08T20:36:36+09:00
H-DAUH,2019,2019-03-01,2020-02-29,foreign_long_term_borrowings,외화장기차입금,0,khidi_haspa,https://haspa.khidi.or.kr/api/total-sfp/21100390?y=2019,2026-10-08T20:36:36+09:00
H-DAUH,2020,2020-03-01,2021-02-28,medical_revenue,의료수익,321467354578,khidi_haspa,https://haspa.khidi.or.kr/api/total-is/21100390?y=2020,2026-10-08T20:36:47+09:00
H-DAUH,2020,2020-03-01,2021-02-28,inpatient_revenue,입원수익,227762437448,khidi_haspa,https://haspa.khidi.or.kr/api/total-is/21100390?y=2020,2026-10-08T20:36:47+09:00
H-DAUH,2020,2020-03-01,2021-02-28,outpatient_revenue,외래수익,83998692798,khidi_haspa,https://haspa.khidi.or.kr/api/total-is/21100390?y=2020,2026-10-08T20:36:47+09:00
H-DAUH,2020,2020-03-01,2021-02-28,medical_expense,의료비용,296199422589,khidi_haspa,https://haspa.khidi.or.kr/api/total-is/21100390?y=2020,2026-10-08T20:36:47+09:00
H-DAUH,2020,2020-03-01,2021-02-28,labor_cost,인건비,132495243151,khidi_haspa,https://haspa.khidi.or.kr/api/total-is/21100390?y=2020,2026-10-08T20:36:47+09:00
H-DAUH,2020,2020-03-01,2021-02-28,material_cost,재료비,108147118562,khidi_haspa,https://haspa.khidi.or.kr/api/total-is/21100390?y=2020,2026-10-08T20:36:47+09:00
H-DAUH,2020,2020-03-01,2021-02-28,drug_cost,약품비,53705419883,khidi_haspa,https://haspa.khidi.or.kr/api/total-is/21100390?y=2020,2026-10-08T20:36:47+09:00
H-DAUH,2020,2020-03-01,2021-02-28,supply_cost,진료재료비,54441698679,khidi_haspa,https://haspa.khidi.or.kr/api/total-is/21100390?y=2020,2026-10-08T20:36:47+09:00
H-DAUH,2020,2020-03-01,2021-02-28,admin_cost,관리운영비,55557060876,khidi_haspa,https://haspa.khidi.or.kr/api/total-is/21100390?y=2020,2026-10-08T20:36:47+09:00
H-DAUH,2020,2020-03-01,2021-02-28,medical_profit,의료이익(손실),25267931989,khidi_haspa,https://haspa.khidi.or.kr/api/total-is/21100390?y=2020,2026-10-08T20:36:47+09:00
H-DAUH,2020,2020-03-01,2021-02-28,non_medical_revenue,의료외수익,12776417700,khidi_haspa,https://haspa.khidi.or.kr/api/total-is/21100390?y=2020,2026-10-08T20:36:47+09:00
H-DAUH,2020,2020-03-01,2021-02-28,non_medical_expense,의료외비용,7898709855,khidi_haspa,https://haspa.khidi.or.kr/api/total-is/21100390?y=2020,2026-10-08T20:36:47+09:00
H-DAUH,2020,2020-03-01,2021-02-28,net_income,당기순이익,1529795,khidi_haspa,https://haspa.khidi.or.kr/api/total-is/21100390?y=2020,2026-10-08T20:36:47+09:00
H-DAUH,2020,2020-03-01,2021-02-28,total_assets,자산총계,266593421645,khidi_haspa,https://haspa.khidi.or.kr/api/total-sfp/21100390?y=2020,2026-10-08T20:36:47+09:00
H-DAUH,2020,2020-03-01,2021-02-28,total_liabilities,부채총계,214266031736,khidi_haspa,https://haspa.khidi.or.kr/api/total-sfp/21100390?y=2020,2026-10-08T20:36:47+09:00
H-DAUH,2020,2020-03-01,2021-02-28,total_equity,자본총계,52327389909,khidi_haspa,https://haspa.khidi.or.kr/api/total-sfp/21100390?y=2020,2026-10-08T20:36:47+09:00
H-DAUH,2020,2020-03-01,2021-02-28,current_assets,유동자산,72831647968,khidi_haspa,https://haspa.khidi.or.kr/api/total-sfp/21100390?y=2020,2026-10-08T20:36:47+09:00
H-DAUH,2020,2020-03-01,2021-02-28,current_liabilities,유동부채,79191214212,khidi_haspa,https://haspa.khidi.or.kr/api/total-sfp/21100390?y=2020,2026-10-08T20:36:47+09:00
H-DAUH,2020,2020-03-01,2021-02-28,short_term_borrowings,단기차입금,0,khidi_haspa,https://haspa.khidi.or.kr/api/total-sfp/21100390?y=2020,2026-10-08T20:36:47+09:00
H-DAUH,2020,2020-03-01,2021-02-28,employee_short_term_borrowings,임직원단기차입금,0,khidi_haspa,https://haspa.khidi.or.kr/api/total-sfp/21100390?y=2020,2026-10-08T20:36:47+09:00
H-DAUH,2020,2020-03-01,2021-02-28,current_long_term_debt,유동성장기부채,12295757000,khidi_haspa,https://haspa.khidi.or.kr/api/total-sfp/21100390?y=2020,2026-10-08T20:36:47+09:00
H-DAUH,2020,2020-03-01,2021-02-28,long_term_borrowings,장기차입금,37323237000,khidi_haspa,https://haspa.khidi.or.kr/api/total-sfp/21100390?y=2020,2026-10-08T20:36:47+09:00
H-DAUH,2020,2020-03-01,2021-02-28,foreign_long_term_borrowings,외화장기차입금,0,khidi_haspa,https://haspa.khidi.or.kr/api/total-sfp/21100390?y=2020,2026-10-08T20:36:47+09:00
H-DAUH,2021,2021-03-01,2022-02-28,medical_revenue,의료수익,369675636324,khidi_haspa,https://haspa.khidi.or.kr/api/total-is/21100390?y=2021,2026-10-08T20:36:57+09:00
H-DAUH,2021,2021-03-01,2022-02-28,inpatient_revenue,입원수익,262412003673,khidi_haspa,https://haspa.khidi.or.kr/api/total-is/21100390?y=2021,2026-10-08T20:36:57+09:00
H-DAUH,2021,2021-03-01,2022-02-28,outpatient_revenue,외래수익,95651934606,khidi_haspa,https://haspa.khidi.or.kr/api/total-is/21100390?y=2021,2026-10-08T20:36:57+09:00
H-DAUH,2021,2021-03-01,2022-02-28,medical_expense,의료비용,323162860443,khidi_haspa,https://haspa.khidi.or.kr/api/total-is/21100390?y=2021,2026-10-08T20:36:57+09:00
H-DAUH,2021,2021-03-01,2022-02-28,labor_cost,인건비,140872426415,khidi_haspa,https://haspa.khidi.or.kr/api/total-is/21100390?y=2021,2026-10-08T20:36:57+09:00
H-DAUH,2021,2021-03-01,2022-02-28,material_cost,재료비,121888240703,khidi_haspa,https://haspa.khidi.or.kr/api/total-is/21100390?y=2021,2026-10-08T20:36:57+09:00
H-DAUH,2021,2021-03-01,2022-02-28,drug_cost,약품비,60319990344,khidi_haspa,https://haspa.khidi.or.kr/api/total-is/21100390?y=2021,2026-10-08T20:36:57+09:00
H-DAUH,2021,2021-03-01,2022-02-28,supply_cost,진료재료비,61568250359,khidi_haspa,https://haspa.khidi.or.kr/api/total-is/21100390?y=2021,2026-10-08T20:36:57+09:00
H-DAUH,2021,2021-03-01,2022-02-28,admin_cost,관리운영비,60402193325,khidi_haspa,https://haspa.khidi.or.kr/api/total-is/21100390?y=2021,2026-10-08T20:36:57+09:00
H-DAUH,2021,2021-03-01,2022-02-28,medical_profit,의료이익(손실),46512775881,khidi_haspa,https://haspa.khidi.or.kr/api/total-is/21100390?y=2021,2026-10-08T20:36:57+09:00
H-DAUH,2021,2021-03-01,2022-02-28,non_medical_revenue,의료외수익,24680497654,khidi_haspa,https://haspa.khidi.or.kr/api/total-is/21100390?y=2021,2026-10-08T20:36:57+09:00
H-DAUH,2021,2021-03-01,2022-02-28,non_medical_expense,의료외비용,9234140230,khidi_haspa,https://haspa.khidi.or.kr/api/total-is/21100390?y=2021,2026-10-08T20:36:57+09:00
H-DAUH,2021,2021-03-01,2022-02-28,net_income,당기순이익,4675362,khidi_haspa,https://haspa.khidi.or.kr/api/total-is/21100390?y=2021,2026-10-08T20:36:57+09:00
H-DAUH,2021,2021-03-01,2022-02-28,total_assets,자산총계,300602239491,khidi_haspa,https://haspa.khidi.or.kr/api/total-sfp/21100390?y=2021,2026-10-08T20:36:57+09:00
H-DAUH,2021,2021-03-01,2022-02-28,total_liabilities,부채총계,248270174220,khidi_haspa,https://haspa.khidi.or.kr/api/total-sfp/21100390?y=2021,2026-10-08T20:36:57+09:00
H-DAUH,2021,2021-03-01,2022-02-28,total_equity,자본총계,52332065271,khidi_haspa,https://haspa.khidi.or.kr/api/total-sfp/21100390?y=2021,2026-10-08T20:36:57+09:00
H-DAUH,2021,2021-03-01,2022-02-28,current_assets,유동자산,102098610403,khidi_haspa,https://haspa.khidi.or.kr/api/total-sfp/21100390?y=2021,2026-10-08T20:36:57+09:00
H-DAUH,2021,2021-03-01,2022-02-28,current_liabilities,유동부채,81299192894,khidi_haspa,https://haspa.khidi.or.kr/api/total-sfp/21100390?y=2021,2026-10-08T20:36:57+09:00
H-DAUH,2021,2021-03-01,2022-02-28,short_term_borrowings,단기차입금,0,khidi_haspa,https://haspa.khidi.or.kr/api/total-sfp/21100390?y=2021,2026-10-08T20:36:57+09:00
H-DAUH,2021,2021-03-01,2022-02-28,employee_short_term_borrowings,임직원단기차입금,0,khidi_haspa,https://haspa.khidi.or.kr/api/total-sfp/21100390?y=2021,2026-10-08T20:36:57+09:00
H-DAUH,2021,2021-03-01,2022-02-28,current_long_term_debt,유동성장기부채,8835935000,khidi_haspa,https://haspa.khidi.or.kr/api/total-sfp/21100390?y=2021,2026-10-08T20:36:57+09:00
H-DAUH,2021,2021-03-01,2022-02-28,long_term_borrowings,장기차입금,29602587000,khidi_haspa,https://haspa.khidi.or.kr/api/total-sfp/21100390?y=2021,2026-10-08T20:36:57+09:00
H-DAUH,2021,2021-03-01,2022-02-28,foreign_long_term_borrowings,외화장기차입금,0,khidi_haspa,https://haspa.khidi.or.kr/api/total-sfp/21100390?y=2021,2026-10-08T20:36:57+09:00
H-DAUH,2022,2022-03-01,2023-02-28,medical_revenue,의료수익,384439020389,khidi_haspa,https://haspa.khidi.or.kr/api/total-is/21100390?y=2022,2026-10-08T20:37:08+09:00
H-DAUH,2022,2022-03-01,2023-02-28,inpatient_revenue,입원수익,277491617679,khidi_haspa,https://haspa.khidi.or.kr/api/total-is/21100390?y=2022,2026-10-08T20:37:08+09:00
H-DAUH,2022,2022-03-01,2023-02-28,outpatient_revenue,외래수익,96070599072,khidi_haspa,https://haspa.khidi.or.kr/api/total-is/21100390?y=2022,2026-10-08T20:37:08+09:00
H-DAUH,2022,2022-03-01,2023-02-28,medical_expense,의료비용,340682507430,khidi_haspa,https://haspa.khidi.or.kr/api/total-is/21100390?y=2022,2026-10-08T20:37:08+09:00
H-DAUH,2022,2022-03-01,2023-02-28,labor_cost,인건비,151576489252,khidi_haspa,https://haspa.khidi.or.kr/api/total-is/21100390?y=2022,2026-10-08T20:37:08+09:00
H-DAUH,2022,2022-03-01,2023-02-28,material_cost,재료비,125876021861,khidi_haspa,https://haspa.khidi.or.kr/api/total-is/21100390?y=2022,2026-10-08T20:37:08+09:00
H-DAUH,2022,2022-03-01,2023-02-28,drug_cost,약품비,62138145567,khidi_haspa,https://haspa.khidi.or.kr/api/total-is/21100390?y=2022,2026-10-08T20:37:08+09:00
H-DAUH,2022,2022-03-01,2023-02-28,supply_cost,진료재료비,63737876294,khidi_haspa,https://haspa.khidi.or.kr/api/total-is/21100390?y=2022,2026-10-08T20:37:08+09:00
H-DAUH,2022,2022-03-01,2023-02-28,admin_cost,관리운영비,63229996317,khidi_haspa,https://haspa.khidi.or.kr/api/total-is/21100390?y=2022,2026-10-08T20:37:08+09:00
H-DAUH,2022,2022-03-01,2023-02-28,medical_profit,의료이익(손실),43756512959,khidi_haspa,https://haspa.khidi.or.kr/api/total-is/21100390?y=2022,2026-10-08T20:37:08+09:00
H-DAUH,2022,2022-03-01,2023-02-28,non_medical_revenue,의료외수익,40838975255,khidi_haspa,https://haspa.khidi.or.kr/api/total-is/21100390?y=2022,2026-10-08T20:37:08+09:00
H-DAUH,2022,2022-03-01,2023-02-28,non_medical_expense,의료외비용,9354578334,khidi_haspa,https://haspa.khidi.or.kr/api/total-is/21100390?y=2022,2026-10-08T20:37:08+09:00
H-DAUH,2022,2022-03-01,2023-02-28,net_income,당기순이익,368399,khidi_haspa,https://haspa.khidi.or.kr/api/total-is/21100390?y=2022,2026-10-08T20:37:08+09:00
H-DAUH,2022,2022-03-01,2023-02-28,total_assets,자산총계,344263599645,khidi_haspa,https://haspa.khidi.or.kr/api/total-sfp/21100390?y=2022,2026-10-08T20:37:08+09:00
H-DAUH,2022,2022-03-01,2023-02-28,total_liabilities,부채총계,291931165975,khidi_haspa,https://haspa.khidi.or.kr/api/total-sfp/21100390?y=2022,2026-10-08T20:37:08+09:00
H-DAUH,2022,2022-03-01,2023-02-28,total_equity,자본총계,52332433670,khidi_haspa,https://haspa.khidi.or.kr/api/total-sfp/21100390?y=2022,2026-10-08T20:37:08+09:00
H-DAUH,2022,2022-03-01,2023-02-28,current_assets,유동자산,151764220162,khidi_haspa,https://haspa.khidi.or.kr/api/total-sfp/21100390?y=2022,2026-10-08T20:37:08+09:00
H-DAUH,2022,2022-03-01,2023-02-28,current_liabilities,유동부채,83547787713,khidi_haspa,https://haspa.khidi.or.kr/api/total-sfp/21100390?y=2022,2026-10-08T20:37:08+09:00
H-DAUH,2022,2022-03-01,2023-02-28,short_term_borrowings,단기차입금,0,khidi_haspa,https://haspa.khidi.or.kr/api/total-sfp/21100390?y=2022,2026-10-08T20:37:08+09:00
H-DAUH,2022,2022-03-01,2023-02-28,employee_short_term_borrowings,임직원단기차입금,0,khidi_haspa,https://haspa.khidi.or.kr/api/total-sfp/21100390?y=2022,2026-10-08T20:37:08+09:00
H-DAUH,2022,2022-03-01,2023-02-28,current_long_term_debt,유동성장기부채,4228760000,khidi_haspa,https://haspa.khidi.or.kr/api/total-sfp/21100390?y=2022,2026-10-08T20:37:08+09:00
H-DAUH,2022,2022-03-01,2023-02-28,long_term_borrowings,장기차입금,14373827000,khidi_haspa,https://haspa.khidi.or.kr/api/total-sfp/21100390?y=2022,2026-10-08T20:37:08+09:00
H-DAUH,2022,2022-03-01,2023-02-28,foreign_long_term_borrowings,외화장기차입금,0,khidi_haspa,https://haspa.khidi.or.kr/api/total-sfp/21100390?y=2022,2026-10-08T20:37:08+09:00
H-DAUH,2023,2023-03-01,2024-02-29,medical_revenue,의료수익,403078400086,khidi_haspa,https://haspa.khidi.or.kr/api/total-is/21100390?y=2023,2026-10-08T20:37:18+09:00
H-DAUH,2023,2023-03-01,2024-02-29,inpatient_revenue,입원수익,290209854220,khidi_haspa,https://haspa.khidi.or.kr/api/total-is/21100390?y=2023,2026-10-08T20:37:18+09:00
H-DAUH,2023,2023-03-01,2024-02-29,outpatient_revenue,외래수익,101662548684,khidi_haspa,https://haspa.khidi.or.kr/api/total-is/21100390?y=2023,2026-10-08T20:37:18+09:00
H-DAUH,2023,2023-03-01,2024-02-29,medical_expense,의료비용,368452257199,khidi_haspa,https://haspa.khidi.or.kr/api/total-is/21100390?y=2023,2026-10-08T20:37:18+09:00
H-DAUH,2023,2023-03-01,2024-02-29,labor_cost,인건비,163613121946,khidi_haspa,https://haspa.khidi.or.kr/api/total-is/21100390?y=2023,2026-10-08T20:37:18+09:00
H-DAUH,2023,2023-03-01,2024-02-29,material_cost,재료비,136136448377,khidi_haspa,https://haspa.khidi.or.kr/api/total-is/21100390?y=2023,2026-10-08T20:37:18+09:00
H-DAUH,2023,2023-03-01,2024-02-29,drug_cost,약품비,67365477670,khidi_haspa,https://haspa.khidi.or.kr/api/total-is/21100390?y=2023,2026-10-08T20:37:18+09:00
H-DAUH,2023,2023-03-01,2024-02-29,supply_cost,진료재료비,68770970707,khidi_haspa,https://haspa.khidi.or.kr/api/total-is/21100390?y=2023,2026-10-08T20:37:18+09:00
H-DAUH,2023,2023-03-01,2024-02-29,admin_cost,관리운영비,68702686876,khidi_haspa,https://haspa.khidi.or.kr/api/total-is/21100390?y=2023,2026-10-08T20:37:18+09:00
H-DAUH,2023,2023-03-01,2024-02-29,medical_profit,의료이익(손실),34626142887,khidi_haspa,https://haspa.khidi.or.kr/api/total-is/21100390?y=2023,2026-10-08T20:37:18+09:00
H-DAUH,2023,2023-03-01,2024-02-29,non_medical_revenue,의료외수익,20719911721,khidi_haspa,https://haspa.khidi.or.kr/api/total-is/21100390?y=2023,2026-10-08T20:37:18+09:00
H-DAUH,2023,2023-03-01,2024-02-29,non_medical_expense,의료외비용,9485941710,khidi_haspa,https://haspa.khidi.or.kr/api/total-is/21100390?y=2023,2026-10-08T20:37:18+09:00
H-DAUH,2023,2023-03-01,2024-02-29,net_income,당기순이익,928698,khidi_haspa,https://haspa.khidi.or.kr/api/total-is/21100390?y=2023,2026-10-08T20:37:18+09:00
H-DAUH,2023,2023-03-01,2024-02-29,total_assets,자산총계,366665359124,khidi_haspa,https://haspa.khidi.or.kr/api/total-sfp/21100390?y=2023,2026-10-08T20:37:18+09:00
H-DAUH,2023,2023-03-01,2024-02-29,total_liabilities,부채총계,314331996756,khidi_haspa,https://haspa.khidi.or.kr/api/total-sfp/21100390?y=2023,2026-10-08T20:37:18+09:00
H-DAUH,2023,2023-03-01,2024-02-29,total_equity,자본총계,52333362368,khidi_haspa,https://haspa.khidi.or.kr/api/total-sfp/21100390?y=2023,2026-10-08T20:37:18+09:00
H-DAUH,2023,2023-03-01,2024-02-29,current_assets,유동자산,179143663111,khidi_haspa,https://haspa.khidi.or.kr/api/total-sfp/21100390?y=2023,2026-10-08T20:37:18+09:00
H-DAUH,2023,2023-03-01,2024-02-29,current_liabilities,유동부채,83491989552,khidi_haspa,https://haspa.khidi.or.kr/api/total-sfp/21100390?y=2023,2026-10-08T20:37:18+09:00
H-DAUH,2023,2023-03-01,2024-02-29,short_term_borrowings,단기차입금,0,khidi_haspa,https://haspa.khidi.or.kr/api/total-sfp/21100390?y=2023,2026-10-08T20:37:18+09:00
H-DAUH,2023,2023-03-01,2024-02-29,employee_short_term_borrowings,임직원단기차입금,0,khidi_haspa,https://haspa.khidi.or.kr/api/total-sfp/21100390?y=2023,2026-10-08T20:37:18+09:00
H-DAUH,2023,2023-03-01,2024-02-29,current_long_term_debt,유동성장기부채,4228760000,khidi_haspa,https://haspa.khidi.or.kr/api/total-sfp/21100390?y=2023,2026-10-08T20:37:18+09:00
H-DAUH,2023,2023-03-01,2024-02-29,long_term_borrowings,장기차입금,10145067000,khidi_haspa,https://haspa.khidi.or.kr/api/total-sfp/21100390?y=2023,2026-10-08T20:37:18+09:00
H-DAUH,2023,2023-03-01,2024-02-29,foreign_long_term_borrowings,외화장기차입금,0,khidi_haspa,https://haspa.khidi.or.kr/api/total-sfp/21100390?y=2023,2026-10-08T20:37:18+09:00
H-DAUH,2024,2024-03-01,2025-02-28,medical_revenue,의료수익,370342017741,khidi_haspa,https://haspa.khidi.or.kr/api/total-is/21100390?y=2024,2026-10-08T20:37:29+09:00
H-DAUH,2024,2024-03-01,2025-02-28,inpatient_revenue,입원수익,259517009418,khidi_haspa,https://haspa.khidi.or.kr/api/total-is/21100390?y=2024,2026-10-08T20:37:29+09:00
H-DAUH,2024,2024-03-01,2025-02-28,outpatient_revenue,외래수익,99793713778,khidi_haspa,https://haspa.khidi.or.kr/api/total-is/21100390?y=2024,2026-10-08T20:37:29+09:00
H-DAUH,2024,2024-03-01,2025-02-28,medical_expense,의료비용,353744987815,khidi_haspa,https://haspa.khidi.or.kr/api/total-is/21100390?y=2024,2026-10-08T20:37:29+09:00
H-DAUH,2024,2024-03-01,2025-02-28,labor_cost,인건비,158161846209,khidi_haspa,https://haspa.khidi.or.kr/api/total-is/21100390?y=2024,2026-10-08T20:37:29+09:00
H-DAUH,2024,2024-03-01,2025-02-28,material_cost,재료비,129323451469,khidi_haspa,https://haspa.khidi.or.kr/api/total-is/21100390?y=2024,2026-10-08T20:37:29+09:00
H-DAUH,2024,2024-03-01,2025-02-28,drug_cost,약품비,70537532867,khidi_haspa,https://haspa.khidi.or.kr/api/total-is/21100390?y=2024,2026-10-08T20:37:29+09:00
H-DAUH,2024,2024-03-01,2025-02-28,supply_cost,진료재료비,58785918602,khidi_haspa,https://haspa.khidi.or.kr/api/total-is/21100390?y=2024,2026-10-08T20:37:29+09:00
H-DAUH,2024,2024-03-01,2025-02-28,admin_cost,관리운영비,66259690137,khidi_haspa,https://haspa.khidi.or.kr/api/total-is/21100390?y=2024,2026-10-08T20:37:29+09:00
H-DAUH,2024,2024-03-01,2025-02-28,medical_profit,의료이익(손실),16597029926,khidi_haspa,https://haspa.khidi.or.kr/api/total-is/21100390?y=2024,2026-10-08T20:37:29+09:00
H-DAUH,2024,2024-03-01,2025-02-28,non_medical_revenue,의료외수익,39903028629,khidi_haspa,https://haspa.khidi.or.kr/api/total-is/21100390?y=2024,2026-10-08T20:37:29+09:00
H-DAUH,2024,2024-03-01,2025-02-28,non_medical_expense,의료외비용,17279382018,khidi_haspa,https://haspa.khidi.or.kr/api/total-is/21100390?y=2024,2026-10-08T20:37:29+09:00
H-DAUH,2024,2024-03-01,2025-02-28,net_income,당기순이익,-4731016151,khidi_haspa,https://haspa.khidi.or.kr/api/total-is/21100390?y=2024,2026-10-08T20:37:29+09:00
H-DAUH,2024,2024-03-01,2025-02-28,total_assets,자산총계,406816827785,khidi_haspa,https://haspa.khidi.or.kr/api/total-sfp/21100390?y=2024,2026-10-08T20:37:29+09:00
H-DAUH,2024,2024-03-01,2025-02-28,total_liabilities,부채총계,373109759680,khidi_haspa,https://haspa.khidi.or.kr/api/total-sfp/21100390?y=2024,2026-10-08T20:37:29+09:00
H-DAUH,2024,2024-03-01,2025-02-28,total_equity,자본총계,33707068105,khidi_haspa,https://haspa.khidi.or.kr/api/total-sfp/21100390?y=2024,2026-10-08T20:37:29+09:00
H-DAUH,2024,2024-03-01,2025-02-28,current_assets,유동자산,209647820373,khidi_haspa,https://haspa.khidi.or.kr/api/total-sfp/21100390?y=2024,2026-10-08T20:37:29+09:00
H-DAUH,2024,2024-03-01,2025-02-28,current_liabilities,유동부채,107916578545,khidi_haspa,https://haspa.khidi.or.kr/api/total-sfp/21100390?y=2024,2026-10-08T20:37:29+09:00
H-DAUH,2024,2024-03-01,2025-02-28,short_term_borrowings,단기차입금,0,khidi_haspa,https://haspa.khidi.or.kr/api/total-sfp/21100390?y=2024,2026-10-08T20:37:29+09:00
H-DAUH,2024,2024-03-01,2025-02-28,employee_short_term_borrowings,임직원단기차입금,0,khidi_haspa,https://haspa.khidi.or.kr/api/total-sfp/21100390?y=2024,2026-10-08T20:37:29+09:00
H-DAUH,2024,2024-03-01,2025-02-28,current_long_term_debt,유동성장기부채,4228760000,khidi_haspa,https://haspa.khidi.or.kr/api/total-sfp/21100390?y=2024,2026-10-08T20:37:29+09:00
H-DAUH,2024,2024-03-01,2025-02-28,long_term_borrowings,장기차입금,5916307000,khidi_haspa,https://haspa.khidi.or.kr/api/total-sfp/21100390?y=2024,2026-10-08T20:37:29+09:00
H-DAUH,2024,2024-03-01,2025-02-28,foreign_long_term_borrowings,외화장기차입금,0,khidi_haspa,https://haspa.khidi.or.kr/api/total-sfp/21100390?y=2024,2026-10-08T20:37:29+09:00
H-HAEUNDAE-PAIK,2016,2016-03-01,2017-02-28,medical_revenue,의료수익,247204178275,khidi_haspa,https://haspa.khidi.or.kr/api/total-is/21100608?y=2016,2026-10-08T20:28:24+09:00
H-HAEUNDAE-PAIK,2016,2016-03-01,2017-02-28,inpatient_revenue,입원수익,160338719470,khidi_haspa,https://haspa.khidi.or.kr/api/total-is/21100608?y=2016,2026-10-08T20:28:24+09:00
H-HAEUNDAE-PAIK,2016,2016-03-01,2017-02-28,outpatient_revenue,외래수익,78224552532,khidi_haspa,https://haspa.khidi.or.kr/api/total-is/21100608?y=2016,2026-10-08T20:28:24+09:00
H-HAEUNDAE-PAIK,2016,2016-03-01,2017-02-28,medical_expense,의료비용,217326557514,khidi_haspa,https://haspa.khidi.or.kr/api/total-is/21100608?y=2016,2026-10-08T20:28:24+09:00
H-HAEUNDAE-PAIK,2016,2016-03-01,2017-02-28,labor_cost,인건비,88505405054,khidi_haspa,https://haspa.khidi.or.kr/api/total-is/21100608?y=2016,2026-10-08T20:28:24+09:00
H-HAEUNDAE-PAIK,2016,2016-03-01,2017-02-28,material_cost,재료비,88569621934,khidi_haspa,https://haspa.khidi.or.kr/api/total-is/21100608?y=2016,2026-10-08T20:28:24+09:00
H-HAEUNDAE-PAIK,2016,2016-03-01,2017-02-28,drug_cost,약품비,41913252842,khidi_haspa,https://haspa.khidi.or.kr/api/total-is/21100608?y=2016,2026-10-08T20:28:24+09:00
H-HAEUNDAE-PAIK,2016,2016-03-01,2017-02-28,supply_cost,진료재료비,42432401903,khidi_haspa,https://haspa.khidi.or.kr/api/total-is/21100608?y=2016,2026-10-08T20:28:24+09:00
H-HAEUNDAE-PAIK,2016,2016-03-01,2017-02-28,admin_cost,관리운영비,40251530526,khidi_haspa,https://haspa.khidi.or.kr/api/total-is/21100608?y=2016,2026-10-08T20:28:24+09:00
H-HAEUNDAE-PAIK,2016,2016-03-01,2017-02-28,medical_profit,의료이익(손실),29877620761,khidi_haspa,https://haspa.khidi.or.kr/api/total-is/21100608?y=2016,2026-10-08T20:28:24+09:00
H-HAEUNDAE-PAIK,2016,2016-03-01,2017-02-28,non_medical_revenue,의료외수익,1426938809,khidi_haspa,https://haspa.khidi.or.kr/api/total-is/21100608?y=2016,2026-10-08T20:28:24+09:00
H-HAEUNDAE-PAIK,2016,2016-03-01,2017-02-28,non_medical_expense,의료외비용,13344585989,khidi_haspa,https://haspa.khidi.or.kr/api/total-is/21100608?y=2016,2026-10-08T20:28:24+09:00
H-HAEUNDAE-PAIK,2016,2016-03-01,2017-02-28,net_income,당기순이익,3159973581,khidi_haspa,https://haspa.khidi.or.kr/api/total-is/21100608?y=2016,2026-10-08T20:28:24+09:00
H-HAEUNDAE-PAIK,2016,2016-03-01,2017-02-28,total_assets,자산총계,295500549535,khidi_haspa,https://haspa.khidi.or.kr/api/total-sfp/21100608?y=2016,2026-10-08T20:28:24+09:00
H-HAEUNDAE-PAIK,2016,2016-03-01,2017-02-28,total_liabilities,부채총계,331393151201,khidi_haspa,https://haspa.khidi.or.kr/api/total-sfp/21100608?y=2016,2026-10-08T20:28:24+09:00
H-HAEUNDAE-PAIK,2016,2016-03-01,2017-02-28,total_equity,자본총계,-35892601666,khidi_haspa,https://haspa.khidi.or.kr/api/total-sfp/21100608?y=2016,2026-10-08T20:28:24+09:00
H-HAEUNDAE-PAIK,2016,2016-03-01,2017-02-28,current_assets,유동자산,108117538300,khidi_haspa,https://haspa.khidi.or.kr/api/total-sfp/21100608?y=2016,2026-10-08T20:28:24+09:00
H-HAEUNDAE-PAIK,2016,2016-03-01,2017-02-28,current_liabilities,유동부채,98019111877,khidi_haspa,https://haspa.khidi.or.kr/api/total-sfp/21100608?y=2016,2026-10-08T20:28:24+09:00
H-HAEUNDAE-PAIK,2016,2016-03-01,2017-02-28,short_term_borrowings,단기차입금,0,khidi_haspa,https://haspa.khidi.or.kr/api/total-sfp/21100608?y=2016,2026-10-08T20:28:24+09:00
H-HAEUNDAE-PAIK,2016,2016-03-01,2017-02-28,employee_short_term_borrowings,임직원단기차입금,0,khidi_haspa,https://haspa.khidi.or.kr/api/total-sfp/21100608?y=2016,2026-10-08T20:28:24+09:00
H-HAEUNDAE-PAIK,2016,2016-03-01,2017-02-28,current_long_term_debt,유동성장기부채,10586782826,khidi_haspa,https://haspa.khidi.or.kr/api/total-sfp/21100608?y=2016,2026-10-08T20:28:24+09:00
H-HAEUNDAE-PAIK,2016,2016-03-01,2017-02-28,long_term_borrowings,장기차입금,192653840741,khidi_haspa,https://haspa.khidi.or.kr/api/total-sfp/21100608?y=2016,2026-10-08T20:28:24+09:00
H-HAEUNDAE-PAIK,2016,2016-03-01,2017-02-28,foreign_long_term_borrowings,외화장기차입금,0,khidi_haspa,https://haspa.khidi.or.kr/api/total-sfp/21100608?y=2016,2026-10-08T20:28:24+09:00
H-HAEUNDAE-PAIK,2017,2017-03-01,2018-02-28,medical_revenue,의료수익,259943983101,khidi_haspa,https://haspa.khidi.or.kr/api/total-is/21100608?y=2017,2026-10-08T20:28:34+09:00
H-HAEUNDAE-PAIK,2017,2017-03-01,2018-02-28,inpatient_revenue,입원수익,170390257242,khidi_haspa,https://haspa.khidi.or.kr/api/total-is/21100608?y=2017,2026-10-08T20:28:34+09:00
H-HAEUNDAE-PAIK,2017,2017-03-01,2018-02-28,outpatient_revenue,외래수익,77888680363,khidi_haspa,https://haspa.khidi.or.kr/api/total-is/21100608?y=2017,2026-10-08T20:28:34+09:00
H-HAEUNDAE-PAIK,2017,2017-03-01,2018-02-28,medical_expense,의료비용,233768188120,khidi_haspa,https://haspa.khidi.or.kr/api/total-is/21100608?y=2017,2026-10-08T20:28:34+09:00
H-HAEUNDAE-PAIK,2017,2017-03-01,2018-02-28,labor_cost,인건비,97217863623,khidi_haspa,https://haspa.khidi.or.kr/api/total-is/21100608?y=2017,2026-10-08T20:28:34+09:00
H-HAEUNDAE-PAIK,2017,2017-03-01,2018-02-28,material_cost,재료비,92537292856,khidi_haspa,https://haspa.khidi.or.kr/api/total-is/21100608?y=2017,2026-10-08T20:28:34+09:00
H-HAEUNDAE-PAIK,2017,2017-03-01,2018-02-28,drug_cost,약품비,43889419037,khidi_haspa,https://haspa.khidi.or.kr/api/total-is/21100608?y=2017,2026-10-08T20:28:34+09:00
H-HAEUNDAE-PAIK,2017,2017-03-01,2018-02-28,supply_cost,진료재료비,41502359432,khidi_haspa,https://haspa.khidi.or.kr/api/total-is/21100608?y=2017,2026-10-08T20:28:34+09:00
H-HAEUNDAE-PAIK,2017,2017-03-01,2018-02-28,admin_cost,관리운영비,44013031641,khidi_haspa,https://haspa.khidi.or.kr/api/total-is/21100608?y=2017,2026-10-08T20:28:34+09:00
H-HAEUNDAE-PAIK,2017,2017-03-01,2018-02-28,medical_profit,의료이익(손실),26175794981,khidi_haspa,https://haspa.khidi.or.kr/api/total-is/21100608?y=2017,2026-10-08T20:28:34+09:00
H-HAEUNDAE-PAIK,2017,2017-03-01,2018-02-28,non_medical_revenue,의료외수익,7542493029,khidi_haspa,https://haspa.khidi.or.kr/api/total-is/21100608?y=2017,2026-10-08T20:28:34+09:00
H-HAEUNDAE-PAIK,2017,2017-03-01,2018-02-28,non_medical_expense,의료외비용,7813055632,khidi_haspa,https://haspa.khidi.or.kr/api/total-is/21100608?y=2017,2026-10-08T20:28:34+09:00
H-HAEUNDAE-PAIK,2017,2017-03-01,2018-02-28,net_income,당기순이익,7035056145,khidi_haspa,https://haspa.khidi.or.kr/api/total-is/21100608?y=2017,2026-10-08T20:28:34+09:00
H-HAEUNDAE-PAIK,2017,2017-03-01,2018-02-28,total_assets,자산총계,300247048606,khidi_haspa,https://haspa.khidi.or.kr/api/total-sfp/21100608?y=2017,2026-10-08T20:28:34+09:00
H-HAEUNDAE-PAIK,2017,2017-03-01,2018-02-28,total_liabilities,부채총계,329104594127,khidi_haspa,https://haspa.khidi.or.kr/api/total-sfp/21100608?y=2017,2026-10-08T20:28:34+09:00
H-HAEUNDAE-PAIK,2017,2017-03-01,2018-02-28,total_equity,자본총계,-28857545521,khidi_haspa,https://haspa.khidi.or.kr/api/total-sfp/21100608?y=2017,2026-10-08T20:28:34+09:00
H-HAEUNDAE-PAIK,2017,2017-03-01,2018-02-28,current_assets,유동자산,114216036763,khidi_haspa,https://haspa.khidi.or.kr/api/total-sfp/21100608?y=2017,2026-10-08T20:28:34+09:00
H-HAEUNDAE-PAIK,2017,2017-03-01,2018-02-28,current_liabilities,유동부채,94366294998,khidi_haspa,https://haspa.khidi.or.kr/api/total-sfp/21100608?y=2017,2026-10-08T20:28:34+09:00
H-HAEUNDAE-PAIK,2017,2017-03-01,2018-02-28,short_term_borrowings,단기차입금,0,khidi_haspa,https://haspa.khidi.or.kr/api/total-sfp/21100608?y=2017,2026-10-08T20:28:34+09:00
H-HAEUNDAE-PAIK,2017,2017-03-01,2018-02-28,employee_short_term_borrowings,임직원단기차입금,0,khidi_haspa,https://haspa.khidi.or.kr/api/total-sfp/21100608?y=2017,2026-10-08T20:28:34+09:00
H-HAEUNDAE-PAIK,2017,2017-03-01,2018-02-28,current_long_term_debt,유동성장기부채,10275663092,khidi_haspa,https://haspa.khidi.or.kr/api/total-sfp/21100608?y=2017,2026-10-08T20:28:34+09:00
H-HAEUNDAE-PAIK,2017,2017-03-01,2018-02-28,long_term_borrowings,장기차입금,182546177649,khidi_haspa,https://haspa.khidi.or.kr/api/total-sfp/21100608?y=2017,2026-10-08T20:28:34+09:00
H-HAEUNDAE-PAIK,2017,2017-03-01,2018-02-28,foreign_long_term_borrowings,외화장기차입금,0,khidi_haspa,https://haspa.khidi.or.kr/api/total-sfp/21100608?y=2017,2026-10-08T20:28:34+09:00
H-HAEUNDAE-PAIK,2018,2018-03-01,2019-02-28,medical_revenue,의료수익,292001078329,khidi_haspa,https://haspa.khidi.or.kr/api/total-is/21100608?y=2018,2026-10-08T20:28:44+09:00
H-HAEUNDAE-PAIK,2018,2018-03-01,2019-02-28,inpatient_revenue,입원수익,193426319110,khidi_haspa,https://haspa.khidi.or.kr/api/total-is/21100608?y=2018,2026-10-08T20:28:44+09:00
H-HAEUNDAE-PAIK,2018,2018-03-01,2019-02-28,outpatient_revenue,외래수익,85723109961,khidi_haspa,https://haspa.khidi.or.kr/api/total-is/21100608?y=2018,2026-10-08T20:28:44+09:00
H-HAEUNDAE-PAIK,2018,2018-03-01,2019-02-28,medical_expense,의료비용,265326916676,khidi_haspa,https://haspa.khidi.or.kr/api/total-is/21100608?y=2018,2026-10-08T20:28:44+09:00
H-HAEUNDAE-PAIK,2018,2018-03-01,2019-02-28,labor_cost,인건비,110246560045,khidi_haspa,https://haspa.khidi.or.kr/api/total-is/21100608?y=2018,2026-10-08T20:28:44+09:00
H-HAEUNDAE-PAIK,2018,2018-03-01,2019-02-28,material_cost,재료비,107463101880,khidi_haspa,https://haspa.khidi.or.kr/api/total-is/21100608?y=2018,2026-10-08T20:28:44+09:00
H-HAEUNDAE-PAIK,2018,2018-03-01,2019-02-28,drug_cost,약품비,50051299448,khidi_haspa,https://haspa.khidi.or.kr/api/total-is/21100608?y=2018,2026-10-08T20:28:44+09:00
H-HAEUNDAE-PAIK,2018,2018-03-01,2019-02-28,supply_cost,진료재료비,52376798087,khidi_haspa,https://haspa.khidi.or.kr/api/total-is/21100608?y=2018,2026-10-08T20:28:44+09:00
H-HAEUNDAE-PAIK,2018,2018-03-01,2019-02-28,admin_cost,관리운영비,47617254751,khidi_haspa,https://haspa.khidi.or.kr/api/total-is/21100608?y=2018,2026-10-08T20:28:44+09:00
H-HAEUNDAE-PAIK,2018,2018-03-01,2019-02-28,medical_profit,의료이익(손실),26674161653,khidi_haspa,https://haspa.khidi.or.kr/api/total-is/21100608?y=2018,2026-10-08T20:28:44+09:00
H-HAEUNDAE-PAIK,2018,2018-03-01,2019-02-28,non_medical_revenue,의료외수익,4232807653,khidi_haspa,https://haspa.khidi.or.kr/api/total-is/21100608?y=2018,2026-10-08T20:28:44+09:00
H-HAEUNDAE-PAIK,2018,2018-03-01,2019-02-28,non_medical_expense,의료외비용,8499491591,khidi_haspa,https://haspa.khidi.or.kr/api/total-is/21100608?y=2018,2026-10-08T20:28:44+09:00
H-HAEUNDAE-PAIK,2018,2018-03-01,2019-02-28,net_income,당기순이익,21518985820,khidi_haspa,https://haspa.khidi.or.kr/api/total-is/21100608?y=2018,2026-10-08T20:28:44+09:00
H-HAEUNDAE-PAIK,2018,2018-03-01,2019-02-28,total_assets,자산총계,313339330674,khidi_haspa,https://haspa.khidi.or.kr/api/total-sfp/21100608?y=2018,2026-10-08T20:28:44+09:00
H-HAEUNDAE-PAIK,2018,2018-03-01,2019-02-28,total_liabilities,부채총계,320677890375,khidi_haspa,https://haspa.khidi.or.kr/api/total-sfp/21100608?y=2018,2026-10-08T20:28:44+09:00
H-HAEUNDAE-PAIK,2018,2018-03-01,2019-02-28,total_equity,자본총계,-7338559701,khidi_haspa,https://haspa.khidi.or.kr/api/total-sfp/21100608?y=2018,2026-10-08T20:28:44+09:00
H-HAEUNDAE-PAIK,2018,2018-03-01,2019-02-28,current_assets,유동자산,128016711401,khidi_haspa,https://haspa.khidi.or.kr/api/total-sfp/21100608?y=2018,2026-10-08T20:28:44+09:00
H-HAEUNDAE-PAIK,2018,2018-03-01,2019-02-28,current_liabilities,유동부채,113946542546,khidi_haspa,https://haspa.khidi.or.kr/api/total-sfp/21100608?y=2018,2026-10-08T20:28:44+09:00
H-HAEUNDAE-PAIK,2018,2018-03-01,2019-02-28,short_term_borrowings,단기차입금,0,khidi_haspa,https://haspa.khidi.or.kr/api/total-sfp/21100608?y=2018,2026-10-08T20:28:44+09:00
H-HAEUNDAE-PAIK,2018,2018-03-01,2019-02-28,employee_short_term_borrowings,임직원단기차입금,0,khidi_haspa,https://haspa.khidi.or.kr/api/total-sfp/21100608?y=2018,2026-10-08T20:28:44+09:00
H-HAEUNDAE-PAIK,2018,2018-03-01,2019-02-28,current_long_term_debt,유동성장기부채,10275663092,khidi_haspa,https://haspa.khidi.or.kr/api/total-sfp/21100608?y=2018,2026-10-08T20:28:44+09:00
H-HAEUNDAE-PAIK,2018,2018-03-01,2019-02-28,long_term_borrowings,장기차입금,172438514557,khidi_haspa,https://haspa.khidi.or.kr/api/total-sfp/21100608?y=2018,2026-10-08T20:28:44+09:00
H-HAEUNDAE-PAIK,2018,2018-03-01,2019-02-28,foreign_long_term_borrowings,외화장기차입금,0,khidi_haspa,https://haspa.khidi.or.kr/api/total-sfp/21100608?y=2018,2026-10-08T20:28:44+09:00
H-HAEUNDAE-PAIK,2019,2019-03-01,2020-02-29,medical_revenue,의료수익,316687713541,khidi_haspa,https://haspa.khidi.or.kr/api/total-is/21100608?y=2019,2026-10-08T20:28:54+09:00
H-HAEUNDAE-PAIK,2019,2019-03-01,2020-02-29,inpatient_revenue,입원수익,206595021777,khidi_haspa,https://haspa.khidi.or.kr/api/total-is/21100608?y=2019,2026-10-08T20:28:54+09:00
H-HAEUNDAE-PAIK,2019,2019-03-01,2020-02-29,outpatient_revenue,외래수익,97602582319,khidi_haspa,https://haspa.khidi.or.kr/api/total-is/21100608?y=2019,2026-10-08T20:28:54+09:00
H-HAEUNDAE-PAIK,2019,2019-03-01,2020-02-29,medical_expense,의료비용,289663091652,khidi_haspa,https://haspa.khidi.or.kr/api/total-is/21100608?y=2019,2026-10-08T20:28:54+09:00
H-HAEUNDAE-PAIK,2019,2019-03-01,2020-02-29,labor_cost,인건비,120555115588,khidi_haspa,https://haspa.khidi.or.kr/api/total-is/21100608?y=2019,2026-10-08T20:28:54+09:00
H-HAEUNDAE-PAIK,2019,2019-03-01,2020-02-29,material_cost,재료비,118282783108,khidi_haspa,https://haspa.khidi.or.kr/api/total-is/21100608?y=2019,2026-10-08T20:28:54+09:00
H-HAEUNDAE-PAIK,2019,2019-03-01,2020-02-29,drug_cost,약품비,56367032326,khidi_haspa,https://haspa.khidi.or.kr/api/total-is/21100608?y=2019,2026-10-08T20:28:54+09:00
H-HAEUNDAE-PAIK,2019,2019-03-01,2020-02-29,supply_cost,진료재료비,56441691731,khidi_haspa,https://haspa.khidi.or.kr/api/total-is/21100608?y=2019,2026-10-08T20:28:54+09:00
H-HAEUNDAE-PAIK,2019,2019-03-01,2020-02-29,admin_cost,관리운영비,50825192956,khidi_haspa,https://haspa.khidi.or.kr/api/total-is/21100608?y=2019,2026-10-08T20:28:54+09:00
H-HAEUNDAE-PAIK,2019,2019-03-01,2020-02-29,medical_profit,의료이익(손실),27024621889,khidi_haspa,https://haspa.khidi.or.kr/api/total-is/21100608?y=2019,2026-10-08T20:28:54+09:00
H-HAEUNDAE-PAIK,2019,2019-03-01,2020-02-29,non_medical_revenue,의료외수익,3076887820,khidi_haspa,https://haspa.khidi.or.kr/api/total-is/21100608?y=2019,2026-10-08T20:28:54+09:00
H-HAEUNDAE-PAIK,2019,2019-03-01,2020-02-29,non_medical_expense,의료외비용,7933908132,khidi_haspa,https://haspa.khidi.or.kr/api/total-is/21100608?y=2019,2026-10-08T20:28:54+09:00
H-HAEUNDAE-PAIK,2019,2019-03-01,2020-02-29,net_income,당기순이익,-1840627640,khidi_haspa,https://haspa.khidi.or.kr/api/total-is/21100608?y=2019,2026-10-08T20:28:54+09:00
H-HAEUNDAE-PAIK,2019,2019-03-01,2020-02-29,total_assets,자산총계,321614652161,khidi_haspa,https://haspa.khidi.or.kr/api/total-sfp/21100608?y=2019,2026-10-08T20:28:54+09:00
H-HAEUNDAE-PAIK,2019,2019-03-01,2020-02-29,total_liabilities,부채총계,331054302955,khidi_haspa,https://haspa.khidi.or.kr/api/total-sfp/21100608?y=2019,2026-10-08T20:28:54+09:00
H-HAEUNDAE-PAIK,2019,2019-03-01,2020-02-29,total_equity,자본총계,12988414236,khidi_haspa,https://haspa.khidi.or.kr/api/total-sfp/21100608?y=2019,2026-10-08T20:28:54+09:00
H-HAEUNDAE-PAIK,2019,2019-03-01,2020-02-29,current_assets,유동자산,135085144504,khidi_haspa,https://haspa.khidi.or.kr/api/total-sfp/21100608?y=2019,2026-10-08T20:28:54+09:00
H-HAEUNDAE-PAIK,2019,2019-03-01,2020-02-29,current_liabilities,유동부채,110724765917,khidi_haspa,https://haspa.khidi.or.kr/api/total-sfp/21100608?y=2019,2026-10-08T20:28:54+09:00
H-HAEUNDAE-PAIK,2019,2019-03-01,2020-02-29,short_term_borrowings,단기차입금,0,khidi_haspa,https://haspa.khidi.or.kr/api/total-sfp/21100608?y=2019,2026-10-08T20:28:54+09:00
H-HAEUNDAE-PAIK,2019,2019-03-01,2020-02-29,employee_short_term_borrowings,임직원단기차입금,0,khidi_haspa,https://haspa.khidi.or.kr/api/total-sfp/21100608?y=2019,2026-10-08T20:28:54+09:00
H-HAEUNDAE-PAIK,2019,2019-03-01,2020-02-29,current_long_term_debt,유동성장기부채,11939044167,khidi_haspa,https://haspa.khidi.or.kr/api/total-sfp/21100608?y=2019,2026-10-08T20:28:54+09:00
H-HAEUNDAE-PAIK,2019,2019-03-01,2020-02-29,long_term_borrowings,장기차입금,162330851465,khidi_haspa,https://haspa.khidi.or.kr/api/total-sfp/21100608?y=2019,2026-10-08T20:28:54+09:00
H-HAEUNDAE-PAIK,2019,2019-03-01,2020-02-29,foreign_long_term_borrowings,외화장기차입금,0,khidi_haspa,https://haspa.khidi.or.kr/api/total-sfp/21100608?y=2019,2026-10-08T20:28:54+09:00
H-HAEUNDAE-PAIK,2020,2020-03-01,2021-02-28,medical_revenue,의료수익,314369366857,khidi_haspa,https://haspa.khidi.or.kr/api/total-is/21100608?y=2020,2026-10-08T20:29:04+09:00
H-HAEUNDAE-PAIK,2020,2020-03-01,2021-02-28,inpatient_revenue,입원수익,208482873169,khidi_haspa,https://haspa.khidi.or.kr/api/total-is/21100608?y=2020,2026-10-08T20:29:04+09:00
H-HAEUNDAE-PAIK,2020,2020-03-01,2021-02-28,outpatient_revenue,외래수익,95893293787,khidi_haspa,https://haspa.khidi.or.kr/api/total-is/21100608?y=2020,2026-10-08T20:29:04+09:00
H-HAEUNDAE-PAIK,2020,2020-03-01,2021-02-28,medical_expense,의료비용,304672843622,khidi_haspa,https://haspa.khidi.or.kr/api/total-is/21100608?y=2020,2026-10-08T20:29:04+09:00
H-HAEUNDAE-PAIK,2020,2020-03-01,2021-02-28,labor_cost,인건비,130238255439,khidi_haspa,https://haspa.khidi.or.kr/api/total-is/21100608?y=2020,2026-10-08T20:29:04+09:00
H-HAEUNDAE-PAIK,2020,2020-03-01,2021-02-28,material_cost,재료비,121611144237,khidi_haspa,https://haspa.khidi.or.kr/api/total-is/21100608?y=2020,2026-10-08T20:29:04+09:00
H-HAEUNDAE-PAIK,2020,2020-03-01,2021-02-28,drug_cost,약품비,59870110829,khidi_haspa,https://haspa.khidi.or.kr/api/total-is/21100608?y=2020,2026-10-08T20:29:04+09:00
H-HAEUNDAE-PAIK,2020,2020-03-01,2021-02-28,supply_cost,진료재료비,56333038383,khidi_haspa,https://haspa.khidi.or.kr/api/total-is/21100608?y=2020,2026-10-08T20:29:04+09:00
H-HAEUNDAE-PAIK,2020,2020-03-01,2021-02-28,admin_cost,관리운영비,52823443946,khidi_haspa,https://haspa.khidi.or.kr/api/total-is/21100608?y=2020,2026-10-08T20:29:04+09:00
H-HAEUNDAE-PAIK,2020,2020-03-01,2021-02-28,medical_profit,의료이익(손실),9696523235,khidi_haspa,https://haspa.khidi.or.kr/api/total-is/21100608?y=2020,2026-10-08T20:29:04+09:00
H-HAEUNDAE-PAIK,2020,2020-03-01,2021-02-28,non_medical_revenue,의료외수익,4945504964,khidi_haspa,https://haspa.khidi.or.kr/api/total-is/21100608?y=2020,2026-10-08T20:29:04+09:00
H-HAEUNDAE-PAIK,2020,2020-03-01,2021-02-28,non_medical_expense,의료외비용,7015604810,khidi_haspa,https://haspa.khidi.or.kr/api/total-is/21100608?y=2020,2026-10-08T20:29:04+09:00
H-HAEUNDAE-PAIK,2020,2020-03-01,2021-02-28,net_income,당기순이익,-492881299,khidi_haspa,https://haspa.khidi.or.kr/api/total-is/21100608?y=2020,2026-10-08T20:29:04+09:00
H-HAEUNDAE-PAIK,2020,2020-03-01,2021-02-28,total_assets,자산총계,329365956906,khidi_haspa,https://haspa.khidi.or.kr/api/total-sfp/21100608?y=2020,2026-10-08T20:29:04+09:00
H-HAEUNDAE-PAIK,2020,2020-03-01,2021-02-28,total_liabilities,부채총계,339038025546,khidi_haspa,https://haspa.khidi.or.kr/api/total-sfp/21100608?y=2020,2026-10-08T20:29:04+09:00
H-HAEUNDAE-PAIK,2020,2020-03-01,2021-02-28,total_equity,자본총계,-9672068640,khidi_haspa,https://haspa.khidi.or.kr/api/total-sfp/21100608?y=2020,2026-10-08T20:29:04+09:00
H-HAEUNDAE-PAIK,2020,2020-03-01,2021-02-28,current_assets,유동자산,144847345509,khidi_haspa,https://haspa.khidi.or.kr/api/total-sfp/21100608?y=2020,2026-10-08T20:29:04+09:00
H-HAEUNDAE-PAIK,2020,2020-03-01,2021-02-28,current_liabilities,유동부채,117942555182,khidi_haspa,https://haspa.khidi.or.kr/api/total-sfp/21100608?y=2020,2026-10-08T20:29:04+09:00
H-HAEUNDAE-PAIK,2020,2020-03-01,2021-02-28,short_term_borrowings,단기차입금,0,khidi_haspa,https://haspa.khidi.or.kr/api/total-sfp/21100608?y=2020,2026-10-08T20:29:04+09:00
H-HAEUNDAE-PAIK,2020,2020-03-01,2021-02-28,employee_short_term_borrowings,임직원단기차입금,0,khidi_haspa,https://haspa.khidi.or.kr/api/total-sfp/21100608?y=2020,2026-10-08T20:29:04+09:00
H-HAEUNDAE-PAIK,2020,2020-03-01,2021-02-28,current_long_term_debt,유동성장기부채,12885412865,khidi_haspa,https://haspa.khidi.or.kr/api/total-sfp/21100608?y=2020,2026-10-08T20:29:04+09:00
H-HAEUNDAE-PAIK,2020,2020-03-01,2021-02-28,long_term_borrowings,장기차입금,152539388373,khidi_haspa,https://haspa.khidi.or.kr/api/total-sfp/21100608?y=2020,2026-10-08T20:29:04+09:00
H-HAEUNDAE-PAIK,2020,2020-03-01,2021-02-28,foreign_long_term_borrowings,외화장기차입금,0,khidi_haspa,https://haspa.khidi.or.kr/api/total-sfp/21100608?y=2020,2026-10-08T20:29:04+09:00
H-HAEUNDAE-PAIK,2021,2021-03-01,2022-02-28,medical_revenue,의료수익,345266360188,khidi_haspa,https://haspa.khidi.or.kr/api/total-is/21100608?y=2021,2026-10-08T20:29:14+09:00
H-HAEUNDAE-PAIK,2021,2021-03-01,2022-02-28,inpatient_revenue,입원수익,224323302014,khidi_haspa,https://haspa.khidi.or.kr/api/total-is/21100608?y=2021,2026-10-08T20:29:14+09:00
H-HAEUNDAE-PAIK,2021,2021-03-01,2022-02-28,outpatient_revenue,외래수익,108465215135,khidi_haspa,https://haspa.khidi.or.kr/api/total-is/21100608?y=2021,2026-10-08T20:29:14+09:00
H-HAEUNDAE-PAIK,2021,2021-03-01,2022-02-28,medical_expense,의료비용,329959140517,khidi_haspa,https://haspa.khidi.or.kr/api/total-is/21100608?y=2021,2026-10-08T20:29:14+09:00
H-HAEUNDAE-PAIK,2021,2021-03-01,2022-02-28,labor_cost,인건비,141155374257,khidi_haspa,https://haspa.khidi.or.kr/api/total-is/21100608?y=2021,2026-10-08T20:29:14+09:00
H-HAEUNDAE-PAIK,2021,2021-03-01,2022-02-28,material_cost,재료비,131769817825,khidi_haspa,https://haspa.khidi.or.kr/api/total-is/21100608?y=2021,2026-10-08T20:29:14+09:00
H-HAEUNDAE-PAIK,2021,2021-03-01,2022-02-28,drug_cost,약품비,66214232337,khidi_haspa,https://haspa.khidi.or.kr/api/total-is/21100608?y=2021,2026-10-08T20:29:14+09:00
H-HAEUNDAE-PAIK,2021,2021-03-01,2022-02-28,supply_cost,진료재료비,60275699706,khidi_haspa,https://haspa.khidi.or.kr/api/total-is/21100608?y=2021,2026-10-08T20:29:14+09:00
H-HAEUNDAE-PAIK,2021,2021-03-01,2022-02-28,admin_cost,관리운영비,57033948435,khidi_haspa,https://haspa.khidi.or.kr/api/total-is/21100608?y=2021,2026-10-08T20:29:14+09:00
H-HAEUNDAE-PAIK,2021,2021-03-01,2022-02-28,medical_profit,의료이익(손실),15307219671,khidi_haspa,https://haspa.khidi.or.kr/api/total-is/21100608?y=2021,2026-10-08T20:29:14+09:00
H-HAEUNDAE-PAIK,2021,2021-03-01,2022-02-28,non_medical_revenue,의료외수익,11531774835,khidi_haspa,https://haspa.khidi.or.kr/api/total-is/21100608?y=2021,2026-10-08T20:29:14+09:00
H-HAEUNDAE-PAIK,2021,2021-03-01,2022-02-28,non_medical_expense,의료외비용,7230206802,khidi_haspa,https://haspa.khidi.or.kr/api/total-is/21100608?y=2021,2026-10-08T20:29:14+09:00
H-HAEUNDAE-PAIK,2021,2021-03-01,2022-02-28,net_income,당기순이익,235321512,khidi_haspa,https://haspa.khidi.or.kr/api/total-is/21100608?y=2021,2026-10-08T20:29:14+09:00
H-HAEUNDAE-PAIK,2021,2021-03-01,2022-02-28,total_assets,자산총계,313403995003,khidi_haspa,https://haspa.khidi.or.kr/api/total-sfp/21100608?y=2021,2026-10-08T20:29:14+09:00
H-HAEUNDAE-PAIK,2021,2021-03-01,2022-02-28,total_liabilities,부채총계,322840742131,khidi_haspa,https://haspa.khidi.or.kr/api/total-sfp/21100608?y=2021,2026-10-08T20:29:14+09:00
H-HAEUNDAE-PAIK,2021,2021-03-01,2022-02-28,total_equity,자본총계,-9436747128,khidi_haspa,https://haspa.khidi.or.kr/api/total-sfp/21100608?y=2021,2026-10-08T20:29:14+09:00
H-HAEUNDAE-PAIK,2021,2021-03-01,2022-02-28,current_assets,유동자산,128392068832,khidi_haspa,https://haspa.khidi.or.kr/api/total-sfp/21100608?y=2021,2026-10-08T20:29:14+09:00
H-HAEUNDAE-PAIK,2021,2021-03-01,2022-02-28,current_liabilities,유동부채,96738735314,khidi_haspa,https://haspa.khidi.or.kr/api/total-sfp/21100608?y=2021,2026-10-08T20:29:14+09:00
H-HAEUNDAE-PAIK,2021,2021-03-01,2022-02-28,short_term_borrowings,단기차입금,0,khidi_haspa,https://haspa.khidi.or.kr/api/total-sfp/21100608?y=2021,2026-10-08T20:29:14+09:00
H-HAEUNDAE-PAIK,2021,2021-03-01,2022-02-28,employee_short_term_borrowings,임직원단기차입금,0,khidi_haspa,https://haspa.khidi.or.kr/api/total-sfp/21100608?y=2021,2026-10-08T20:29:14+09:00
H-HAEUNDAE-PAIK,2021,2021-03-01,2022-02-28,current_long_term_debt,유동성장기부채,13177265299,khidi_haspa,https://haspa.khidi.or.kr/api/total-sfp/21100608?y=2021,2026-10-08T20:29:14+09:00
H-HAEUNDAE-PAIK,2021,2021-03-01,2022-02-28,long_term_borrowings,장기차입금,143696525281,khidi_haspa,https://haspa.khidi.or.kr/api/total-sfp/21100608?y=2021,2026-10-08T20:29:14+09:00
H-HAEUNDAE-PAIK,2021,2021-03-01,2022-02-28,foreign_long_term_borrowings,외화장기차입금,0,khidi_haspa,https://haspa.khidi.or.kr/api/total-sfp/21100608?y=2021,2026-10-08T20:29:14+09:00
H-HAEUNDAE-PAIK,2022,2022-03-01,2023-02-28,medical_revenue,의료수익,365777993327,khidi_haspa,https://haspa.khidi.or.kr/api/total-is/21100608?y=2022,2026-10-08T20:29:24+09:00
H-HAEUNDAE-PAIK,2022,2022-03-01,2023-02-28,inpatient_revenue,입원수익,240137262610,khidi_haspa,https://haspa.khidi.or.kr/api/total-is/21100608?y=2022,2026-10-08T20:29:24+09:00
H-HAEUNDAE-PAIK,2022,2022-03-01,2023-02-28,outpatient_revenue,외래수익,111610223255,khidi_haspa,https://haspa.khidi.or.kr/api/total-is/21100608?y=2022,2026-10-08T20:29:24+09:00
H-HAEUNDAE-PAIK,2022,2022-03-01,2023-02-28,medical_expense,의료비용,354899800623,khidi_haspa,https://haspa.khidi.or.kr/api/total-is/21100608?y=2022,2026-10-08T20:29:24+09:00
H-HAEUNDAE-PAIK,2022,2022-03-01,2023-02-28,labor_cost,인건비,153271132437,khidi_haspa,https://haspa.khidi.or.kr/api/total-is/21100608?y=2022,2026-10-08T20:29:24+09:00
H-HAEUNDAE-PAIK,2022,2022-03-01,2023-02-28,material_cost,재료비,139913557151,khidi_haspa,https://haspa.khidi.or.kr/api/total-is/21100608?y=2022,2026-10-08T20:29:24+09:00
H-HAEUNDAE-PAIK,2022,2022-03-01,2023-02-28,drug_cost,약품비,70361484033,khidi_haspa,https://haspa.khidi.or.kr/api/total-is/21100608?y=2022,2026-10-08T20:29:24+09:00
H-HAEUNDAE-PAIK,2022,2022-03-01,2023-02-28,supply_cost,진료재료비,64027484783,khidi_haspa,https://haspa.khidi.or.kr/api/total-is/21100608?y=2022,2026-10-08T20:29:24+09:00
H-HAEUNDAE-PAIK,2022,2022-03-01,2023-02-28,admin_cost,관리운영비,61715111035,khidi_haspa,https://haspa.khidi.or.kr/api/total-is/21100608?y=2022,2026-10-08T20:29:24+09:00
H-HAEUNDAE-PAIK,2022,2022-03-01,2023-02-28,medical_profit,의료이익(손실),10878192704,khidi_haspa,https://haspa.khidi.or.kr/api/total-is/21100608?y=2022,2026-10-08T20:29:24+09:00
H-HAEUNDAE-PAIK,2022,2022-03-01,2023-02-28,non_medical_revenue,의료외수익,17082342445,khidi_haspa,https://haspa.khidi.or.kr/api/total-is/21100608?y=2022,2026-10-08T20:29:24+09:00
H-HAEUNDAE-PAIK,2022,2022-03-01,2023-02-28,non_medical_expense,의료외비용,9714774831,khidi_haspa,https://haspa.khidi.or.kr/api/total-is/21100608?y=2022,2026-10-08T20:29:24+09:00
H-HAEUNDAE-PAIK,2022,2022-03-01,2023-02-28,net_income,당기순이익,13548665003,khidi_haspa,https://haspa.khidi.or.kr/api/total-is/21100608?y=2022,2026-10-08T20:29:24+09:00
H-HAEUNDAE-PAIK,2022,2022-03-01,2023-02-28,total_assets,자산총계,334690620545,khidi_haspa,https://haspa.khidi.or.kr/api/total-sfp/21100608?y=2022,2026-10-08T20:29:24+09:00
H-HAEUNDAE-PAIK,2022,2022-03-01,2023-02-28,total_liabilities,부채총계,330578702670,khidi_haspa,https://haspa.khidi.or.kr/api/total-sfp/21100608?y=2022,2026-10-08T20:29:24+09:00
H-HAEUNDAE-PAIK,2022,2022-03-01,2023-02-28,total_equity,자본총계,4111917875,khidi_haspa,https://haspa.khidi.or.kr/api/total-sfp/21100608?y=2022,2026-10-08T20:29:24+09:00
H-HAEUNDAE-PAIK,2022,2022-03-01,2023-02-28,current_assets,유동자산,149442059443,khidi_haspa,https://haspa.khidi.or.kr/api/total-sfp/21100608?y=2022,2026-10-08T20:29:24+09:00
H-HAEUNDAE-PAIK,2022,2022-03-01,2023-02-28,current_liabilities,유동부채,122929521843,khidi_haspa,https://haspa.khidi.or.kr/api/total-sfp/21100608?y=2022,2026-10-08T20:29:24+09:00
H-HAEUNDAE-PAIK,2022,2022-03-01,2023-02-28,short_term_borrowings,단기차입금,0,khidi_haspa,https://haspa.khidi.or.kr/api/total-sfp/21100608?y=2022,2026-10-08T20:29:24+09:00
H-HAEUNDAE-PAIK,2022,2022-03-01,2023-02-28,employee_short_term_borrowings,임직원단기차입금,0,khidi_haspa,https://haspa.khidi.or.kr/api/total-sfp/21100608?y=2022,2026-10-08T20:29:24+09:00
H-HAEUNDAE-PAIK,2022,2022-03-01,2023-02-28,current_long_term_debt,유동성장기부채,22341403025,khidi_haspa,https://haspa.khidi.or.kr/api/total-sfp/21100608?y=2022,2026-10-08T20:29:24+09:00
H-HAEUNDAE-PAIK,2022,2022-03-01,2023-02-28,long_term_borrowings,장기차입금,126010799093,khidi_haspa,https://haspa.khidi.or.kr/api/total-sfp/21100608?y=2022,2026-10-08T20:29:24+09:00
H-HAEUNDAE-PAIK,2022,2022-03-01,2023-02-28,foreign_long_term_borrowings,외화장기차입금,0,khidi_haspa,https://haspa.khidi.or.kr/api/total-sfp/21100608?y=2022,2026-10-08T20:29:24+09:00
H-HAEUNDAE-PAIK,2023,2023-03-01,2024-02-29,medical_revenue,의료수익,400640212242,khidi_haspa,https://haspa.khidi.or.kr/api/total-is/21100608?y=2023,2026-10-08T20:29:34+09:00
H-HAEUNDAE-PAIK,2023,2023-03-01,2024-02-29,inpatient_revenue,입원수익,265633215198,khidi_haspa,https://haspa.khidi.or.kr/api/total-is/21100608?y=2023,2026-10-08T20:29:34+09:00
H-HAEUNDAE-PAIK,2023,2023-03-01,2024-02-29,outpatient_revenue,외래수익,120274018977,khidi_haspa,https://haspa.khidi.or.kr/api/total-is/21100608?y=2023,2026-10-08T20:29:34+09:00
H-HAEUNDAE-PAIK,2023,2023-03-01,2024-02-29,medical_expense,의료비용,399506541654,khidi_haspa,https://haspa.khidi.or.kr/api/total-is/21100608?y=2023,2026-10-08T20:29:34+09:00
H-HAEUNDAE-PAIK,2023,2023-03-01,2024-02-29,labor_cost,인건비,171373139183,khidi_haspa,https://haspa.khidi.or.kr/api/total-is/21100608?y=2023,2026-10-08T20:29:34+09:00
H-HAEUNDAE-PAIK,2023,2023-03-01,2024-02-29,material_cost,재료비,157341902500,khidi_haspa,https://haspa.khidi.or.kr/api/total-is/21100608?y=2023,2026-10-08T20:29:34+09:00
H-HAEUNDAE-PAIK,2023,2023-03-01,2024-02-29,drug_cost,약품비,80082304866,khidi_haspa,https://haspa.khidi.or.kr/api/total-is/21100608?y=2023,2026-10-08T20:29:34+09:00
H-HAEUNDAE-PAIK,2023,2023-03-01,2024-02-29,supply_cost,진료재료비,70944808211,khidi_haspa,https://haspa.khidi.or.kr/api/total-is/21100608?y=2023,2026-10-08T20:29:34+09:00
H-HAEUNDAE-PAIK,2023,2023-03-01,2024-02-29,admin_cost,관리운영비,70791499971,khidi_haspa,https://haspa.khidi.or.kr/api/total-is/21100608?y=2023,2026-10-08T20:29:34+09:00
H-HAEUNDAE-PAIK,2023,2023-03-01,2024-02-29,medical_profit,의료이익(손실),1133670588,khidi_haspa,https://haspa.khidi.or.kr/api/total-is/21100608?y=2023,2026-10-08T20:29:34+09:00
H-HAEUNDAE-PAIK,2023,2023-03-01,2024-02-29,non_medical_revenue,의료외수익,7799880928,khidi_haspa,https://haspa.khidi.or.kr/api/total-is/21100608?y=2023,2026-10-08T20:29:34+09:00
H-HAEUNDAE-PAIK,2023,2023-03-01,2024-02-29,non_medical_expense,의료외비용,10639338045,khidi_haspa,https://haspa.khidi.or.kr/api/total-is/21100608?y=2023,2026-10-08T20:29:34+09:00
H-HAEUNDAE-PAIK,2023,2023-03-01,2024-02-29,net_income,당기순이익,4362333722,khidi_haspa,https://haspa.khidi.or.kr/api/total-is/21100608?y=2023,2026-10-08T20:29:34+09:00
H-HAEUNDAE-PAIK,2023,2023-03-01,2024-02-29,total_assets,자산총계,345673604597,khidi_haspa,https://haspa.khidi.or.kr/api/total-sfp/21100608?y=2023,2026-10-08T20:29:34+09:00
H-HAEUNDAE-PAIK,2023,2023-03-01,2024-02-29,total_liabilities,부채총계,337199353000,khidi_haspa,https://haspa.khidi.or.kr/api/total-sfp/21100608?y=2023,2026-10-08T20:29:34+09:00
H-HAEUNDAE-PAIK,2023,2023-03-01,2024-02-29,total_equity,자본총계,8474251597,khidi_haspa,https://haspa.khidi.or.kr/api/total-sfp/21100608?y=2023,2026-10-08T20:29:34+09:00
H-HAEUNDAE-PAIK,2023,2023-03-01,2024-02-29,current_assets,유동자산,159747280307,khidi_haspa,https://haspa.khidi.or.kr/api/total-sfp/21100608?y=2023,2026-10-08T20:29:34+09:00
H-HAEUNDAE-PAIK,2023,2023-03-01,2024-02-29,current_liabilities,유동부채,153197388745,khidi_haspa,https://haspa.khidi.or.kr/api/total-sfp/21100608?y=2023,2026-10-08T20:29:34+09:00
H-HAEUNDAE-PAIK,2023,2023-03-01,2024-02-29,short_term_borrowings,단기차입금,0,khidi_haspa,https://haspa.khidi.or.kr/api/total-sfp/21100608?y=2023,2026-10-08T20:29:34+09:00
H-HAEUNDAE-PAIK,2023,2023-03-01,2024-02-29,employee_short_term_borrowings,임직원단기차입금,0,khidi_haspa,https://haspa.khidi.or.kr/api/total-sfp/21100608?y=2023,2026-10-08T20:29:34+09:00
H-HAEUNDAE-PAIK,2023,2023-03-01,2024-02-29,current_long_term_debt,유동성장기부채,22097937952,khidi_haspa,https://haspa.khidi.or.kr/api/total-sfp/21100608?y=2023,2026-10-08T20:29:34+09:00
H-HAEUNDAE-PAIK,2023,2023-03-01,2024-02-29,long_term_borrowings,장기차입금,108325072905,khidi_haspa,https://haspa.khidi.or.kr/api/total-sfp/21100608?y=2023,2026-10-08T20:29:34+09:00
H-HAEUNDAE-PAIK,2023,2023-03-01,2024-02-29,foreign_long_term_borrowings,외화장기차입금,0,khidi_haspa,https://haspa.khidi.or.kr/api/total-sfp/21100608?y=2023,2026-10-08T20:29:34+09:00
H-HAEUNDAE-PAIK,2024,2024-03-01,2025-02-28,medical_revenue,의료수익,382383031943,khidi_haspa,https://haspa.khidi.or.kr/api/total-is/21100608?y=2024,2026-10-08T20:29:44+09:00
H-HAEUNDAE-PAIK,2024,2024-03-01,2025-02-28,inpatient_revenue,입원수익,248861458836,khidi_haspa,https://haspa.khidi.or.kr/api/total-is/21100608?y=2024,2026-10-08T20:29:44+09:00
H-HAEUNDAE-PAIK,2024,2024-03-01,2025-02-28,outpatient_revenue,외래수익,119950339060,khidi_haspa,https://haspa.khidi.or.kr/api/total-is/21100608?y=2024,2026-10-08T20:29:44+09:00
H-HAEUNDAE-PAIK,2024,2024-03-01,2025-02-28,medical_expense,의료비용,395513028178,khidi_haspa,https://haspa.khidi.or.kr/api/total-is/21100608?y=2024,2026-10-08T20:29:44+09:00
H-HAEUNDAE-PAIK,2024,2024-03-01,2025-02-28,labor_cost,인건비,170522625632,khidi_haspa,https://haspa.khidi.or.kr/api/total-is/21100608?y=2024,2026-10-08T20:29:44+09:00
H-HAEUNDAE-PAIK,2024,2024-03-01,2025-02-28,material_cost,재료비,153774582557,khidi_haspa,https://haspa.khidi.or.kr/api/total-is/21100608?y=2024,2026-10-08T20:29:44+09:00
H-HAEUNDAE-PAIK,2024,2024-03-01,2025-02-28,drug_cost,약품비,85776949167,khidi_haspa,https://haspa.khidi.or.kr/api/total-is/21100608?y=2024,2026-10-08T20:29:44+09:00
H-HAEUNDAE-PAIK,2024,2024-03-01,2025-02-28,supply_cost,진료재료비,59219393803,khidi_haspa,https://haspa.khidi.or.kr/api/total-is/21100608?y=2024,2026-10-08T20:29:44+09:00
H-HAEUNDAE-PAIK,2024,2024-03-01,2025-02-28,admin_cost,관리운영비,71215819989,khidi_haspa,https://haspa.khidi.or.kr/api/total-is/21100608?y=2024,2026-10-08T20:29:44+09:00
H-HAEUNDAE-PAIK,2024,2024-03-01,2025-02-28,medical_profit,의료이익(손실),-13129996235,khidi_haspa,https://haspa.khidi.or.kr/api/total-is/21100608?y=2024,2026-10-08T20:29:44+09:00
H-HAEUNDAE-PAIK,2024,2024-03-01,2025-02-28,non_medical_revenue,의료외수익,19450968433,khidi_haspa,https://haspa.khidi.or.kr/api/total-is/21100608?y=2024,2026-10-08T20:29:44+09:00
H-HAEUNDAE-PAIK,2024,2024-03-01,2025-02-28,non_medical_expense,의료외비용,14936715621,khidi_haspa,https://haspa.khidi.or.kr/api/total-is/21100608?y=2024,2026-10-08T20:29:44+09:00
H-HAEUNDAE-PAIK,2024,2024-03-01,2025-02-28,net_income,당기순이익,-2032556397,khidi_haspa,https://haspa.khidi.or.kr/api/total-is/21100608?y=2024,2026-10-08T20:29:44+09:00
H-HAEUNDAE-PAIK,2024,2024-03-01,2025-02-28,total_assets,자산총계,345465766526,khidi_haspa,https://haspa.khidi.or.kr/api/total-sfp/21100608?y=2024,2026-10-08T20:29:44+09:00
H-HAEUNDAE-PAIK,2024,2024-03-01,2025-02-28,total_liabilities,부채총계,339024071326,khidi_haspa,https://haspa.khidi.or.kr/api/total-sfp/21100608?y=2024,2026-10-08T20:29:44+09:00
H-HAEUNDAE-PAIK,2024,2024-03-01,2025-02-28,total_equity,자본총계,6441695200,khidi_haspa,https://haspa.khidi.or.kr/api/total-sfp/21100608?y=2024,2026-10-08T20:29:44+09:00
H-HAEUNDAE-PAIK,2024,2024-03-01,2025-02-28,current_assets,유동자산,93789111677,khidi_haspa,https://haspa.khidi.or.kr/api/total-sfp/21100608?y=2024,2026-10-08T20:29:44+09:00
H-HAEUNDAE-PAIK,2024,2024-03-01,2025-02-28,current_liabilities,유동부채,181334723097,khidi_haspa,https://haspa.khidi.or.kr/api/total-sfp/21100608?y=2024,2026-10-08T20:29:44+09:00
H-HAEUNDAE-PAIK,2024,2024-03-01,2025-02-28,short_term_borrowings,단기차입금,0,khidi_haspa,https://haspa.khidi.or.kr/api/total-sfp/21100608?y=2024,2026-10-08T20:29:44+09:00
H-HAEUNDAE-PAIK,2024,2024-03-01,2025-02-28,employee_short_term_borrowings,임직원단기차입금,0,khidi_haspa,https://haspa.khidi.or.kr/api/total-sfp/21100608?y=2024,2026-10-08T20:29:44+09:00
H-HAEUNDAE-PAIK,2024,2024-03-01,2025-02-28,current_long_term_debt,유동성장기부채,24205726096,khidi_haspa,https://haspa.khidi.or.kr/api/total-sfp/21100608?y=2024,2026-10-08T20:29:44+09:00
H-HAEUNDAE-PAIK,2024,2024-03-01,2025-02-28,long_term_borrowings,장기차입금,89755060408,khidi_haspa,https://haspa.khidi.or.kr/api/total-sfp/21100608?y=2024,2026-10-08T20:29:44+09:00
H-HAEUNDAE-PAIK,2024,2024-03-01,2025-02-28,foreign_long_term_borrowings,외화장기차입금,0,khidi_haspa,https://haspa.khidi.or.kr/api/total-sfp/21100608?y=2024,2026-10-08T20:29:44+09:00
H-ILSAN-PAIK,2016,2016-03-01,2017-02-28,medical_revenue,의료수익,183008860097,khidi_haspa,https://haspa.khidi.or.kr/api/total-is/31100651?y=2016,2026-10-08T20:29:55+09:00
H-ILSAN-PAIK,2016,2016-03-01,2017-02-28,inpatient_revenue,입원수익,114752640621,khidi_haspa,https://haspa.khidi.or.kr/api/total-is/31100651?y=2016,2026-10-08T20:29:55+09:00
H-ILSAN-PAIK,2016,2016-03-01,2017-02-28,outpatient_revenue,외래수익,64040788852,khidi_haspa,https://haspa.khidi.or.kr/api/total-is/31100651?y=2016,2026-10-08T20:29:55+09:00
H-ILSAN-PAIK,2016,2016-03-01,2017-02-28,medical_expense,의료비용,171555112132,khidi_haspa,https://haspa.khidi.or.kr/api/total-is/31100651?y=2016,2026-10-08T20:29:55+09:00
H-ILSAN-PAIK,2016,2016-03-01,2017-02-28,labor_cost,인건비,79490258953,khidi_haspa,https://haspa.khidi.or.kr/api/total-is/31100651?y=2016,2026-10-08T20:29:55+09:00
H-ILSAN-PAIK,2016,2016-03-01,2017-02-28,material_cost,재료비,58790201867,khidi_haspa,https://haspa.khidi.or.kr/api/total-is/31100651?y=2016,2026-10-08T20:29:55+09:00
H-ILSAN-PAIK,2016,2016-03-01,2017-02-28,drug_cost,약품비,25159218284,khidi_haspa,https://haspa.khidi.or.kr/api/total-is/31100651?y=2016,2026-10-08T20:29:55+09:00
H-ILSAN-PAIK,2016,2016-03-01,2017-02-28,supply_cost,진료재료비,31616942019,khidi_haspa,https://haspa.khidi.or.kr/api/total-is/31100651?y=2016,2026-10-08T20:29:55+09:00
H-ILSAN-PAIK,2016,2016-03-01,2017-02-28,admin_cost,관리운영비,33274651312,khidi_haspa,https://haspa.khidi.or.kr/api/total-is/31100651?y=2016,2026-10-08T20:29:55+09:00
H-ILSAN-PAIK,2016,2016-03-01,2017-02-28,medical_profit,의료이익(손실),11453747965,khidi_haspa,https://haspa.khidi.or.kr/api/total-is/31100651?y=2016,2026-10-08T20:29:55+09:00
H-ILSAN-PAIK,2016,2016-03-01,2017-02-28,non_medical_revenue,의료외수익,4114580726,khidi_haspa,https://haspa.khidi.or.kr/api/total-is/31100651?y=2016,2026-10-08T20:29:55+09:00
H-ILSAN-PAIK,2016,2016-03-01,2017-02-28,non_medical_expense,의료외비용,3209360069,khidi_haspa,https://haspa.khidi.or.kr/api/total-is/31100651?y=2016,2026-10-08T20:29:55+09:00
H-ILSAN-PAIK,2016,2016-03-01,2017-02-28,net_income,당기순이익,1258968622,khidi_haspa,https://haspa.khidi.or.kr/api/total-is/31100651?y=2016,2026-10-08T20:29:55+09:00
H-ILSAN-PAIK,2016,2016-03-01,2017-02-28,total_assets,자산총계,153428618172,khidi_haspa,https://haspa.khidi.or.kr/api/total-sfp/31100651?y=2016,2026-10-08T20:29:55+09:00
H-ILSAN-PAIK,2016,2016-03-01,2017-02-28,total_liabilities,부채총계,88634280327,khidi_haspa,https://haspa.khidi.or.kr/api/total-sfp/31100651?y=2016,2026-10-08T20:29:55+09:00
H-ILSAN-PAIK,2016,2016-03-01,2017-02-28,total_equity,자본총계,64794337845,khidi_haspa,https://haspa.khidi.or.kr/api/total-sfp/31100651?y=2016,2026-10-08T20:29:55+09:00
H-ILSAN-PAIK,2016,2016-03-01,2017-02-28,current_assets,유동자산,60664434615,khidi_haspa,https://haspa.khidi.or.kr/api/total-sfp/31100651?y=2016,2026-10-08T20:29:55+09:00
H-ILSAN-PAIK,2016,2016-03-01,2017-02-28,current_liabilities,유동부채,61505330892,khidi_haspa,https://haspa.khidi.or.kr/api/total-sfp/31100651?y=2016,2026-10-08T20:29:55+09:00
H-ILSAN-PAIK,2016,2016-03-01,2017-02-28,short_term_borrowings,단기차입금,0,khidi_haspa,https://haspa.khidi.or.kr/api/total-sfp/31100651?y=2016,2026-10-08T20:29:55+09:00
H-ILSAN-PAIK,2016,2016-03-01,2017-02-28,employee_short_term_borrowings,임직원단기차입금,0,khidi_haspa,https://haspa.khidi.or.kr/api/total-sfp/31100651?y=2016,2026-10-08T20:29:55+09:00
H-ILSAN-PAIK,2016,2016-03-01,2017-02-28,current_long_term_debt,유동성장기부채,1938583701,khidi_haspa,https://haspa.khidi.or.kr/api/total-sfp/31100651?y=2016,2026-10-08T20:29:55+09:00
H-ILSAN-PAIK,2016,2016-03-01,2017-02-28,long_term_borrowings,장기차입금,4781250000,khidi_haspa,https://haspa.khidi.or.kr/api/total-sfp/31100651?y=2016,2026-10-08T20:29:55+09:00
H-ILSAN-PAIK,2016,2016-03-01,2017-02-28,foreign_long_term_borrowings,외화장기차입금,0,khidi_haspa,https://haspa.khidi.or.kr/api/total-sfp/31100651?y=2016,2026-10-08T20:29:55+09:00
H-ILSAN-PAIK,2017,2017-03-01,2018-02-28,medical_revenue,의료수익,186748012975,khidi_haspa,https://haspa.khidi.or.kr/api/total-is/31100651?y=2017,2026-10-08T20:30:04+09:00
H-ILSAN-PAIK,2017,2017-03-01,2018-02-28,inpatient_revenue,입원수익,115911087880,khidi_haspa,https://haspa.khidi.or.kr/api/total-is/31100651?y=2017,2026-10-08T20:30:04+09:00
H-ILSAN-PAIK,2017,2017-03-01,2018-02-28,outpatient_revenue,외래수익,65616068688,khidi_haspa,https://haspa.khidi.or.kr/api/total-is/31100651?y=2017,2026-10-08T20:30:04+09:00
H-ILSAN-PAIK,2017,2017-03-01,2018-02-28,medical_expense,의료비용,178825465454,khidi_haspa,https://haspa.khidi.or.kr/api/total-is/31100651?y=2017,2026-10-08T20:30:04+09:00
H-ILSAN-PAIK,2017,2017-03-01,2018-02-28,labor_cost,인건비,86466519790,khidi_haspa,https://haspa.khidi.or.kr/api/total-is/31100651?y=2017,2026-10-08T20:30:04+09:00
H-ILSAN-PAIK,2017,2017-03-01,2018-02-28,material_cost,재료비,56774055946,khidi_haspa,https://haspa.khidi.or.kr/api/total-is/31100651?y=2017,2026-10-08T20:30:04+09:00
H-ILSAN-PAIK,2017,2017-03-01,2018-02-28,drug_cost,약품비,24699973148,khidi_haspa,https://haspa.khidi.or.kr/api/total-is/31100651?y=2017,2026-10-08T20:30:04+09:00
H-ILSAN-PAIK,2017,2017-03-01,2018-02-28,supply_cost,진료재료비,30185300398,khidi_haspa,https://haspa.khidi.or.kr/api/total-is/31100651?y=2017,2026-10-08T20:30:04+09:00
H-ILSAN-PAIK,2017,2017-03-01,2018-02-28,admin_cost,관리운영비,35584889718,khidi_haspa,https://haspa.khidi.or.kr/api/total-is/31100651?y=2017,2026-10-08T20:30:04+09:00
H-ILSAN-PAIK,2017,2017-03-01,2018-02-28,medical_profit,의료이익(손실),7922547521,khidi_haspa,https://haspa.khidi.or.kr/api/total-is/31100651?y=2017,2026-10-08T20:30:04+09:00
H-ILSAN-PAIK,2017,2017-03-01,2018-02-28,non_medical_revenue,의료외수익,4264580033,khidi_haspa,https://haspa.khidi.or.kr/api/total-is/31100651?y=2017,2026-10-08T20:30:04+09:00
H-ILSAN-PAIK,2017,2017-03-01,2018-02-28,non_medical_expense,의료외비용,2490857683,khidi_haspa,https://haspa.khidi.or.kr/api/total-is/31100651?y=2017,2026-10-08T20:30:04+09:00
H-ILSAN-PAIK,2017,2017-03-01,2018-02-28,net_income,당기순이익,-3599244260,khidi_haspa,https://haspa.khidi.or.kr/api/total-is/31100651?y=2017,2026-10-08T20:30:04+09:00
H-ILSAN-PAIK,2017,2017-03-01,2018-02-28,total_assets,자산총계,152472061067,khidi_haspa,https://haspa.khidi.or.kr/api/total-sfp/31100651?y=2017,2026-10-08T20:30:04+09:00
H-ILSAN-PAIK,2017,2017-03-01,2018-02-28,total_liabilities,부채총계,91276967482,khidi_haspa,https://haspa.khidi.or.kr/api/total-sfp/31100651?y=2017,2026-10-08T20:30:04+09:00
H-ILSAN-PAIK,2017,2017-03-01,2018-02-28,total_equity,자본총계,61195093585,khidi_haspa,https://haspa.khidi.or.kr/api/total-sfp/31100651?y=2017,2026-10-08T20:30:04+09:00
H-ILSAN-PAIK,2017,2017-03-01,2018-02-28,current_assets,유동자산,61615334289,khidi_haspa,https://haspa.khidi.or.kr/api/total-sfp/31100651?y=2017,2026-10-08T20:30:04+09:00
H-ILSAN-PAIK,2017,2017-03-01,2018-02-28,current_liabilities,유동부채,56383467530,khidi_haspa,https://haspa.khidi.or.kr/api/total-sfp/31100651?y=2017,2026-10-08T20:30:04+09:00
H-ILSAN-PAIK,2017,2017-03-01,2018-02-28,short_term_borrowings,단기차입금,0,khidi_haspa,https://haspa.khidi.or.kr/api/total-sfp/31100651?y=2017,2026-10-08T20:30:04+09:00
H-ILSAN-PAIK,2017,2017-03-01,2018-02-28,employee_short_term_borrowings,임직원단기차입금,0,khidi_haspa,https://haspa.khidi.or.kr/api/total-sfp/31100651?y=2017,2026-10-08T20:30:04+09:00
H-ILSAN-PAIK,2017,2017-03-01,2018-02-28,current_long_term_debt,유동성장기부채,1707645691,khidi_haspa,https://haspa.khidi.or.kr/api/total-sfp/31100651?y=2017,2026-10-08T20:30:04+09:00
H-ILSAN-PAIK,2017,2017-03-01,2018-02-28,long_term_borrowings,장기차입금,3506250000,khidi_haspa,https://haspa.khidi.or.kr/api/total-sfp/31100651?y=2017,2026-10-08T20:30:04+09:00
H-ILSAN-PAIK,2017,2017-03-01,2018-02-28,foreign_long_term_borrowings,외화장기차입금,0,khidi_haspa,https://haspa.khidi.or.kr/api/total-sfp/31100651?y=2017,2026-10-08T20:30:04+09:00
H-ILSAN-PAIK,2018,2018-03-01,2019-02-28,medical_revenue,의료수익,202689583031,khidi_haspa,https://haspa.khidi.or.kr/api/total-is/31100651?y=2018,2026-10-08T20:30:14+09:00
H-ILSAN-PAIK,2018,2018-03-01,2019-02-28,inpatient_revenue,입원수익,126873613581,khidi_haspa,https://haspa.khidi.or.kr/api/total-is/31100651?y=2018,2026-10-08T20:30:14+09:00
H-ILSAN-PAIK,2018,2018-03-01,2019-02-28,outpatient_revenue,외래수익,70093784157,khidi_haspa,https://haspa.khidi.or.kr/api/total-is/31100651?y=2018,2026-10-08T20:30:14+09:00
H-ILSAN-PAIK,2018,2018-03-01,2019-02-28,medical_expense,의료비용,193140915444,khidi_haspa,https://haspa.khidi.or.kr/api/total-is/31100651?y=2018,2026-10-08T20:30:14+09:00
H-ILSAN-PAIK,2018,2018-03-01,2019-02-28,labor_cost,인건비,91178450182,khidi_haspa,https://haspa.khidi.or.kr/api/total-is/31100651?y=2018,2026-10-08T20:30:14+09:00
H-ILSAN-PAIK,2018,2018-03-01,2019-02-28,material_cost,재료비,61007458700,khidi_haspa,https://haspa.khidi.or.kr/api/total-is/31100651?y=2018,2026-10-08T20:30:14+09:00
H-ILSAN-PAIK,2018,2018-03-01,2019-02-28,drug_cost,약품비,26034234631,khidi_haspa,https://haspa.khidi.or.kr/api/total-is/31100651?y=2018,2026-10-08T20:30:14+09:00
H-ILSAN-PAIK,2018,2018-03-01,2019-02-28,supply_cost,진료재료비,32899976488,khidi_haspa,https://haspa.khidi.or.kr/api/total-is/31100651?y=2018,2026-10-08T20:30:14+09:00
H-ILSAN-PAIK,2018,2018-03-01,2019-02-28,admin_cost,관리운영비,40955006562,khidi_haspa,https://haspa.khidi.or.kr/api/total-is/31100651?y=2018,2026-10-08T20:30:14+09:00
H-ILSAN-PAIK,2018,2018-03-01,2019-02-28,medical_profit,의료이익(손실),9548667587,khidi_haspa,https://haspa.khidi.or.kr/api/total-is/31100651?y=2018,2026-10-08T20:30:14+09:00
H-ILSAN-PAIK,2018,2018-03-01,2019-02-28,non_medical_revenue,의료외수익,4185709663,khidi_haspa,https://haspa.khidi.or.kr/api/total-is/31100651?y=2018,2026-10-08T20:30:14+09:00
H-ILSAN-PAIK,2018,2018-03-01,2019-02-28,non_medical_expense,의료외비용,1755915547,khidi_haspa,https://haspa.khidi.or.kr/api/total-is/31100651?y=2018,2026-10-08T20:30:14+09:00
H-ILSAN-PAIK,2018,2018-03-01,2019-02-28,net_income,당기순이익,11795487726,khidi_haspa,https://haspa.khidi.or.kr/api/total-is/31100651?y=2018,2026-10-08T20:30:14+09:00
H-ILSAN-PAIK,2018,2018-03-01,2019-02-28,total_assets,자산총계,163157711078,khidi_haspa,https://haspa.khidi.or.kr/api/total-sfp/31100651?y=2018,2026-10-08T20:30:14+09:00
H-ILSAN-PAIK,2018,2018-03-01,2019-02-28,total_liabilities,부채총계,90167129767,khidi_haspa,https://haspa.khidi.or.kr/api/total-sfp/31100651?y=2018,2026-10-08T20:30:14+09:00
H-ILSAN-PAIK,2018,2018-03-01,2019-02-28,total_equity,자본총계,72990581311,khidi_haspa,https://haspa.khidi.or.kr/api/total-sfp/31100651?y=2018,2026-10-08T20:30:14+09:00
H-ILSAN-PAIK,2018,2018-03-01,2019-02-28,current_assets,유동자산,71737023987,khidi_haspa,https://haspa.khidi.or.kr/api/total-sfp/31100651?y=2018,2026-10-08T20:30:14+09:00
H-ILSAN-PAIK,2018,2018-03-01,2019-02-28,current_liabilities,유동부채,58847140694,khidi_haspa,https://haspa.khidi.or.kr/api/total-sfp/31100651?y=2018,2026-10-08T20:30:14+09:00
H-ILSAN-PAIK,2018,2018-03-01,2019-02-28,short_term_borrowings,단기차입금,0,khidi_haspa,https://haspa.khidi.or.kr/api/total-sfp/31100651?y=2018,2026-10-08T20:30:14+09:00
H-ILSAN-PAIK,2018,2018-03-01,2019-02-28,employee_short_term_borrowings,임직원단기차입금,0,khidi_haspa,https://haspa.khidi.or.kr/api/total-sfp/31100651?y=2018,2026-10-08T20:30:14+09:00
H-ILSAN-PAIK,2018,2018-03-01,2019-02-28,current_long_term_debt,유동성장기부채,1910849013,khidi_haspa,https://haspa.khidi.or.kr/api/total-sfp/31100651?y=2018,2026-10-08T20:30:14+09:00
H-ILSAN-PAIK,2018,2018-03-01,2019-02-28,long_term_borrowings,장기차입금,2231250000,khidi_haspa,https://haspa.khidi.or.kr/api/total-sfp/31100651?y=2018,2026-10-08T20:30:14+09:00
H-ILSAN-PAIK,2018,2018-03-01,2019-02-28,foreign_long_term_borrowings,외화장기차입금,0,khidi_haspa,https://haspa.khidi.or.kr/api/total-sfp/31100651?y=2018,2026-10-08T20:30:14+09:00
H-ILSAN-PAIK,2019,2019-03-01,2020-02-29,medical_revenue,의료수익,219283164538,khidi_haspa,https://haspa.khidi.or.kr/api/total-is/31100651?y=2019,2026-10-08T20:30:25+09:00
H-ILSAN-PAIK,2019,2019-03-01,2020-02-29,inpatient_revenue,입원수익,140220938062,khidi_haspa,https://haspa.khidi.or.kr/api/total-is/31100651?y=2019,2026-10-08T20:30:25+09:00
H-ILSAN-PAIK,2019,2019-03-01,2020-02-29,outpatient_revenue,외래수익,72999604587,khidi_haspa,https://haspa.khidi.or.kr/api/total-is/31100651?y=2019,2026-10-08T20:30:25+09:00
H-ILSAN-PAIK,2019,2019-03-01,2020-02-29,medical_expense,의료비용,208882202269,khidi_haspa,https://haspa.khidi.or.kr/api/total-is/31100651?y=2019,2026-10-08T20:30:25+09:00
H-ILSAN-PAIK,2019,2019-03-01,2020-02-29,labor_cost,인건비,99407204707,khidi_haspa,https://haspa.khidi.or.kr/api/total-is/31100651?y=2019,2026-10-08T20:30:25+09:00
H-ILSAN-PAIK,2019,2019-03-01,2020-02-29,material_cost,재료비,66111902371,khidi_haspa,https://haspa.khidi.or.kr/api/total-is/31100651?y=2019,2026-10-08T20:30:25+09:00
H-ILSAN-PAIK,2019,2019-03-01,2020-02-29,drug_cost,약품비,28102625062,khidi_haspa,https://haspa.khidi.or.kr/api/total-is/31100651?y=2019,2026-10-08T20:30:25+09:00
H-ILSAN-PAIK,2019,2019-03-01,2020-02-29,supply_cost,진료재료비,35859487372,khidi_haspa,https://haspa.khidi.or.kr/api/total-is/31100651?y=2019,2026-10-08T20:30:25+09:00
H-ILSAN-PAIK,2019,2019-03-01,2020-02-29,admin_cost,관리운영비,43363095191,khidi_haspa,https://haspa.khidi.or.kr/api/total-is/31100651?y=2019,2026-10-08T20:30:25+09:00
H-ILSAN-PAIK,2019,2019-03-01,2020-02-29,medical_profit,의료이익(손실),10400962269,khidi_haspa,https://haspa.khidi.or.kr/api/total-is/31100651?y=2019,2026-10-08T20:30:25+09:00
H-ILSAN-PAIK,2019,2019-03-01,2020-02-29,non_medical_revenue,의료외수익,4125436689,khidi_haspa,https://haspa.khidi.or.kr/api/total-is/31100651?y=2019,2026-10-08T20:30:25+09:00
H-ILSAN-PAIK,2019,2019-03-01,2020-02-29,non_medical_expense,의료외비용,1314872715,khidi_haspa,https://haspa.khidi.or.kr/api/total-is/31100651?y=2019,2026-10-08T20:30:25+09:00
H-ILSAN-PAIK,2019,2019-03-01,2020-02-29,net_income,당기순이익,-822046880,khidi_haspa,https://haspa.khidi.or.kr/api/total-is/31100651?y=2019,2026-10-08T20:30:25+09:00
H-ILSAN-PAIK,2019,2019-03-01,2020-02-29,total_assets,자산총계,173979912907,khidi_haspa,https://haspa.khidi.or.kr/api/total-sfp/31100651?y=2019,2026-10-08T20:30:25+09:00
H-ILSAN-PAIK,2019,2019-03-01,2020-02-29,total_liabilities,부채총계,101811378476,khidi_haspa,https://haspa.khidi.or.kr/api/total-sfp/31100651?y=2019,2026-10-08T20:30:25+09:00
H-ILSAN-PAIK,2019,2019-03-01,2020-02-29,total_equity,자본총계,72168534431,khidi_haspa,https://haspa.khidi.or.kr/api/total-sfp/31100651?y=2019,2026-10-08T20:30:25+09:00
H-ILSAN-PAIK,2019,2019-03-01,2020-02-29,current_assets,유동자산,82503876592,khidi_haspa,https://haspa.khidi.or.kr/api/total-sfp/31100651?y=2019,2026-10-08T20:30:25+09:00
H-ILSAN-PAIK,2019,2019-03-01,2020-02-29,current_liabilities,유동부채,53984547708,khidi_haspa,https://haspa.khidi.or.kr/api/total-sfp/31100651?y=2019,2026-10-08T20:30:25+09:00
H-ILSAN-PAIK,2019,2019-03-01,2020-02-29,short_term_borrowings,단기차입금,0,khidi_haspa,https://haspa.khidi.or.kr/api/total-sfp/31100651?y=2019,2026-10-08T20:30:25+09:00
H-ILSAN-PAIK,2019,2019-03-01,2020-02-29,employee_short_term_borrowings,임직원단기차입금,0,khidi_haspa,https://haspa.khidi.or.kr/api/total-sfp/31100651?y=2019,2026-10-08T20:30:25+09:00
H-ILSAN-PAIK,2019,2019-03-01,2020-02-29,current_long_term_debt,유동성장기부채,3219221351,khidi_haspa,https://haspa.khidi.or.kr/api/total-sfp/31100651?y=2019,2026-10-08T20:30:25+09:00
H-ILSAN-PAIK,2019,2019-03-01,2020-02-29,long_term_borrowings,장기차입금,956250000,khidi_haspa,https://haspa.khidi.or.kr/api/total-sfp/31100651?y=2019,2026-10-08T20:30:25+09:00
H-ILSAN-PAIK,2019,2019-03-01,2020-02-29,foreign_long_term_borrowings,외화장기차입금,0,khidi_haspa,https://haspa.khidi.or.kr/api/total-sfp/31100651?y=2019,2026-10-08T20:30:25+09:00
H-ILSAN-PAIK,2020,2020-03-01,2021-02-28,medical_revenue,의료수익,222191241252,khidi_haspa,https://haspa.khidi.or.kr/api/total-is/31100651?y=2020,2026-10-08T20:30:35+09:00
H-ILSAN-PAIK,2020,2020-03-01,2021-02-28,inpatient_revenue,입원수익,143799490497,khidi_haspa,https://haspa.khidi.or.kr/api/total-is/31100651?y=2020,2026-10-08T20:30:35+09:00
H-ILSAN-PAIK,2020,2020-03-01,2021-02-28,outpatient_revenue,외래수익,72501905826,khidi_haspa,https://haspa.khidi.or.kr/api/total-is/31100651?y=2020,2026-10-08T20:30:35+09:00
H-ILSAN-PAIK,2020,2020-03-01,2021-02-28,medical_expense,의료비용,214707792777,khidi_haspa,https://haspa.khidi.or.kr/api/total-is/31100651?y=2020,2026-10-08T20:30:35+09:00
H-ILSAN-PAIK,2020,2020-03-01,2021-02-28,labor_cost,인건비,104479717200,khidi_haspa,https://haspa.khidi.or.kr/api/total-is/31100651?y=2020,2026-10-08T20:30:35+09:00
H-ILSAN-PAIK,2020,2020-03-01,2021-02-28,material_cost,재료비,65459398254,khidi_haspa,https://haspa.khidi.or.kr/api/total-is/31100651?y=2020,2026-10-08T20:30:35+09:00
H-ILSAN-PAIK,2020,2020-03-01,2021-02-28,drug_cost,약품비,28255122350,khidi_haspa,https://haspa.khidi.or.kr/api/total-is/31100651?y=2020,2026-10-08T20:30:35+09:00
H-ILSAN-PAIK,2020,2020-03-01,2021-02-28,supply_cost,진료재료비,35125607667,khidi_haspa,https://haspa.khidi.or.kr/api/total-is/31100651?y=2020,2026-10-08T20:30:35+09:00
H-ILSAN-PAIK,2020,2020-03-01,2021-02-28,admin_cost,관리운영비,44768677323,khidi_haspa,https://haspa.khidi.or.kr/api/total-is/31100651?y=2020,2026-10-08T20:30:35+09:00
H-ILSAN-PAIK,2020,2020-03-01,2021-02-28,medical_profit,의료이익(손실),7483448475,khidi_haspa,https://haspa.khidi.or.kr/api/total-is/31100651?y=2020,2026-10-08T20:30:35+09:00
H-ILSAN-PAIK,2020,2020-03-01,2021-02-28,non_medical_revenue,의료외수익,4468999118,khidi_haspa,https://haspa.khidi.or.kr/api/total-is/31100651?y=2020,2026-10-08T20:30:35+09:00
H-ILSAN-PAIK,2020,2020-03-01,2021-02-28,non_medical_expense,의료외비용,1548893364,khidi_haspa,https://haspa.khidi.or.kr/api/total-is/31100651?y=2020,2026-10-08T20:30:35+09:00
H-ILSAN-PAIK,2020,2020-03-01,2021-02-28,net_income,당기순이익,-592676426,khidi_haspa,https://haspa.khidi.or.kr/api/total-is/31100651?y=2020,2026-10-08T20:30:35+09:00
H-ILSAN-PAIK,2020,2020-03-01,2021-02-28,total_assets,자산총계,190793383232,khidi_haspa,https://haspa.khidi.or.kr/api/total-sfp/31100651?y=2020,2026-10-08T20:30:35+09:00
H-ILSAN-PAIK,2020,2020-03-01,2021-02-28,total_liabilities,부채총계,119217525227,khidi_haspa,https://haspa.khidi.or.kr/api/total-sfp/31100651?y=2020,2026-10-08T20:30:35+09:00
H-ILSAN-PAIK,2020,2020-03-01,2021-02-28,total_equity,자본총계,71575858005,khidi_haspa,https://haspa.khidi.or.kr/api/total-sfp/31100651?y=2020,2026-10-08T20:30:35+09:00
H-ILSAN-PAIK,2020,2020-03-01,2021-02-28,current_assets,유동자산,102639267486,khidi_haspa,https://haspa.khidi.or.kr/api/total-sfp/31100651?y=2020,2026-10-08T20:30:35+09:00
H-ILSAN-PAIK,2020,2020-03-01,2021-02-28,current_liabilities,유동부채,64808243142,khidi_haspa,https://haspa.khidi.or.kr/api/total-sfp/31100651?y=2020,2026-10-08T20:30:35+09:00
H-ILSAN-PAIK,2020,2020-03-01,2021-02-28,short_term_borrowings,단기차입금,0,khidi_haspa,https://haspa.khidi.or.kr/api/total-sfp/31100651?y=2020,2026-10-08T20:30:35+09:00
H-ILSAN-PAIK,2020,2020-03-01,2021-02-28,employee_short_term_borrowings,임직원단기차입금,0,khidi_haspa,https://haspa.khidi.or.kr/api/total-sfp/31100651?y=2020,2026-10-08T20:30:35+09:00
H-ILSAN-PAIK,2020,2020-03-01,2021-02-28,current_long_term_debt,유동성장기부채,3428675964,khidi_haspa,https://haspa.khidi.or.kr/api/total-sfp/31100651?y=2020,2026-10-08T20:30:35+09:00
H-ILSAN-PAIK,2020,2020-03-01,2021-02-28,long_term_borrowings,장기차입금,0,khidi_haspa,https://haspa.khidi.or.kr/api/total-sfp/31100651?y=2020,2026-10-08T20:30:35+09:00
H-ILSAN-PAIK,2020,2020-03-01,2021-02-28,foreign_long_term_borrowings,외화장기차입금,0,khidi_haspa,https://haspa.khidi.or.kr/api/total-sfp/31100651?y=2020,2026-10-08T20:30:35+09:00
H-ILSAN-PAIK,2021,2021-03-01,2022-02-28,medical_revenue,의료수익,237256714793,khidi_haspa,https://haspa.khidi.or.kr/api/total-is/31100651?y=2021,2026-10-08T20:30:44+09:00
H-ILSAN-PAIK,2021,2021-03-01,2022-02-28,inpatient_revenue,입원수익,148760631488,khidi_haspa,https://haspa.khidi.or.kr/api/total-is/31100651?y=2021,2026-10-08T20:30:44+09:00
H-ILSAN-PAIK,2021,2021-03-01,2022-02-28,outpatient_revenue,외래수익,81683301654,khidi_haspa,https://haspa.khidi.or.kr/api/total-is/31100651?y=2021,2026-10-08T20:30:44+09:00
H-ILSAN-PAIK,2021,2021-03-01,2022-02-28,medical_expense,의료비용,227307765684,khidi_haspa,https://haspa.khidi.or.kr/api/total-is/31100651?y=2021,2026-10-08T20:30:44+09:00
H-ILSAN-PAIK,2021,2021-03-01,2022-02-28,labor_cost,인건비,110687601126,khidi_haspa,https://haspa.khidi.or.kr/api/total-is/31100651?y=2021,2026-10-08T20:30:44+09:00
H-ILSAN-PAIK,2021,2021-03-01,2022-02-28,material_cost,재료비,69821017321,khidi_haspa,https://haspa.khidi.or.kr/api/total-is/31100651?y=2021,2026-10-08T20:30:44+09:00
H-ILSAN-PAIK,2021,2021-03-01,2022-02-28,drug_cost,약품비,29860260003,khidi_haspa,https://haspa.khidi.or.kr/api/total-is/31100651?y=2021,2026-10-08T20:30:44+09:00
H-ILSAN-PAIK,2021,2021-03-01,2022-02-28,supply_cost,진료재료비,36711530906,khidi_haspa,https://haspa.khidi.or.kr/api/total-is/31100651?y=2021,2026-10-08T20:30:44+09:00
H-ILSAN-PAIK,2021,2021-03-01,2022-02-28,admin_cost,관리운영비,46799147237,khidi_haspa,https://haspa.khidi.or.kr/api/total-is/31100651?y=2021,2026-10-08T20:30:44+09:00
H-ILSAN-PAIK,2021,2021-03-01,2022-02-28,medical_profit,의료이익(손실),9948949109,khidi_haspa,https://haspa.khidi.or.kr/api/total-is/31100651?y=2021,2026-10-08T20:30:44+09:00
H-ILSAN-PAIK,2021,2021-03-01,2022-02-28,non_medical_revenue,의료외수익,9843061145,khidi_haspa,https://haspa.khidi.or.kr/api/total-is/31100651?y=2021,2026-10-08T20:30:44+09:00
H-ILSAN-PAIK,2021,2021-03-01,2022-02-28,non_medical_expense,의료외비용,1628302505,khidi_haspa,https://haspa.khidi.or.kr/api/total-is/31100651?y=2021,2026-10-08T20:30:44+09:00
H-ILSAN-PAIK,2021,2021-03-01,2022-02-28,net_income,당기순이익,212155428,khidi_haspa,https://haspa.khidi.or.kr/api/total-is/31100651?y=2021,2026-10-08T20:30:44+09:00
H-ILSAN-PAIK,2021,2021-03-01,2022-02-28,total_assets,자산총계,194149647340,khidi_haspa,https://haspa.khidi.or.kr/api/total-sfp/31100651?y=2021,2026-10-08T20:30:44+09:00
H-ILSAN-PAIK,2021,2021-03-01,2022-02-28,total_liabilities,부채총계,122361633907,khidi_haspa,https://haspa.khidi.or.kr/api/total-sfp/31100651?y=2021,2026-10-08T20:30:44+09:00
H-ILSAN-PAIK,2021,2021-03-01,2022-02-28,total_equity,자본총계,71788013433,khidi_haspa,https://haspa.khidi.or.kr/api/total-sfp/31100651?y=2021,2026-10-08T20:30:44+09:00
H-ILSAN-PAIK,2021,2021-03-01,2022-02-28,current_assets,유동자산,104099350705,khidi_haspa,https://haspa.khidi.or.kr/api/total-sfp/31100651?y=2021,2026-10-08T20:30:44+09:00
H-ILSAN-PAIK,2021,2021-03-01,2022-02-28,current_liabilities,유동부채,56107907857,khidi_haspa,https://haspa.khidi.or.kr/api/total-sfp/31100651?y=2021,2026-10-08T20:30:44+09:00
H-ILSAN-PAIK,2021,2021-03-01,2022-02-28,short_term_borrowings,단기차입금,0,khidi_haspa,https://haspa.khidi.or.kr/api/total-sfp/31100651?y=2021,2026-10-08T20:30:44+09:00
H-ILSAN-PAIK,2021,2021-03-01,2022-02-28,employee_short_term_borrowings,임직원단기차입금,0,khidi_haspa,https://haspa.khidi.or.kr/api/total-sfp/31100651?y=2021,2026-10-08T20:30:44+09:00
H-ILSAN-PAIK,2021,2021-03-01,2022-02-28,current_long_term_debt,유동성장기부채,2735935765,khidi_haspa,https://haspa.khidi.or.kr/api/total-sfp/31100651?y=2021,2026-10-08T20:30:44+09:00
H-ILSAN-PAIK,2021,2021-03-01,2022-02-28,long_term_borrowings,장기차입금,0,khidi_haspa,https://haspa.khidi.or.kr/api/total-sfp/31100651?y=2021,2026-10-08T20:30:44+09:00
H-ILSAN-PAIK,2021,2021-03-01,2022-02-28,foreign_long_term_borrowings,외화장기차입금,0,khidi_haspa,https://haspa.khidi.or.kr/api/total-sfp/31100651?y=2021,2026-10-08T20:30:44+09:00
H-ILSAN-PAIK,2022,2022-03-01,2023-02-28,medical_revenue,의료수익,231307312565,khidi_haspa,https://haspa.khidi.or.kr/api/total-is/31100651?y=2022,2026-10-08T20:30:54+09:00
H-ILSAN-PAIK,2022,2022-03-01,2023-02-28,inpatient_revenue,입원수익,143768115832,khidi_haspa,https://haspa.khidi.or.kr/api/total-is/31100651?y=2022,2026-10-08T20:30:54+09:00
H-ILSAN-PAIK,2022,2022-03-01,2023-02-28,outpatient_revenue,외래수익,81088525022,khidi_haspa,https://haspa.khidi.or.kr/api/total-is/31100651?y=2022,2026-10-08T20:30:54+09:00
H-ILSAN-PAIK,2022,2022-03-01,2023-02-28,medical_expense,의료비용,233024512759,khidi_haspa,https://haspa.khidi.or.kr/api/total-is/31100651?y=2022,2026-10-08T20:30:54+09:00
H-ILSAN-PAIK,2022,2022-03-01,2023-02-28,labor_cost,인건비,114248738674,khidi_haspa,https://haspa.khidi.or.kr/api/total-is/31100651?y=2022,2026-10-08T20:30:54+09:00
H-ILSAN-PAIK,2022,2022-03-01,2023-02-28,material_cost,재료비,69359371163,khidi_haspa,https://haspa.khidi.or.kr/api/total-is/31100651?y=2022,2026-10-08T20:30:54+09:00
H-ILSAN-PAIK,2022,2022-03-01,2023-02-28,drug_cost,약품비,29856364706,khidi_haspa,https://haspa.khidi.or.kr/api/total-is/31100651?y=2022,2026-10-08T20:30:54+09:00
H-ILSAN-PAIK,2022,2022-03-01,2023-02-28,supply_cost,진료재료비,37302379301,khidi_haspa,https://haspa.khidi.or.kr/api/total-is/31100651?y=2022,2026-10-08T20:30:54+09:00
H-ILSAN-PAIK,2022,2022-03-01,2023-02-28,admin_cost,관리운영비,49416402922,khidi_haspa,https://haspa.khidi.or.kr/api/total-is/31100651?y=2022,2026-10-08T20:30:54+09:00
H-ILSAN-PAIK,2022,2022-03-01,2023-02-28,medical_profit,의료이익(손실),-1717200194,khidi_haspa,https://haspa.khidi.or.kr/api/total-is/31100651?y=2022,2026-10-08T20:30:54+09:00
H-ILSAN-PAIK,2022,2022-03-01,2023-02-28,non_medical_revenue,의료외수익,10443446500,khidi_haspa,https://haspa.khidi.or.kr/api/total-is/31100651?y=2022,2026-10-08T20:30:54+09:00
H-ILSAN-PAIK,2022,2022-03-01,2023-02-28,non_medical_expense,의료외비용,2129000349,khidi_haspa,https://haspa.khidi.or.kr/api/total-is/31100651?y=2022,2026-10-08T20:30:54+09:00
H-ILSAN-PAIK,2022,2022-03-01,2023-02-28,net_income,당기순이익,-16190069545,khidi_haspa,https://haspa.khidi.or.kr/api/total-is/31100651?y=2022,2026-10-08T20:30:54+09:00
H-ILSAN-PAIK,2022,2022-03-01,2023-02-28,total_assets,자산총계,198027774900,khidi_haspa,https://haspa.khidi.or.kr/api/total-sfp/31100651?y=2022,2026-10-08T20:30:54+09:00
H-ILSAN-PAIK,2022,2022-03-01,2023-02-28,total_liabilities,부채총계,142429831012,khidi_haspa,https://haspa.khidi.or.kr/api/total-sfp/31100651?y=2022,2026-10-08T20:30:54+09:00
H-ILSAN-PAIK,2022,2022-03-01,2023-02-28,total_equity,자본총계,55597943888,khidi_haspa,https://haspa.khidi.or.kr/api/total-sfp/31100651?y=2022,2026-10-08T20:30:54+09:00
H-ILSAN-PAIK,2022,2022-03-01,2023-02-28,current_assets,유동자산,97843712780,khidi_haspa,https://haspa.khidi.or.kr/api/total-sfp/31100651?y=2022,2026-10-08T20:30:54+09:00
H-ILSAN-PAIK,2022,2022-03-01,2023-02-28,current_liabilities,유동부채,55618194073,khidi_haspa,https://haspa.khidi.or.kr/api/total-sfp/31100651?y=2022,2026-10-08T20:30:54+09:00
H-ILSAN-PAIK,2022,2022-03-01,2023-02-28,short_term_borrowings,단기차입금,0,khidi_haspa,https://haspa.khidi.or.kr/api/total-sfp/31100651?y=2022,2026-10-08T20:30:54+09:00
H-ILSAN-PAIK,2022,2022-03-01,2023-02-28,employee_short_term_borrowings,임직원단기차입금,0,khidi_haspa,https://haspa.khidi.or.kr/api/total-sfp/31100651?y=2022,2026-10-08T20:30:54+09:00
H-ILSAN-PAIK,2022,2022-03-01,2023-02-28,current_long_term_debt,유동성장기부채,2949668810,khidi_haspa,https://haspa.khidi.or.kr/api/total-sfp/31100651?y=2022,2026-10-08T20:30:54+09:00
H-ILSAN-PAIK,2022,2022-03-01,2023-02-28,long_term_borrowings,장기차입금,0,khidi_haspa,https://haspa.khidi.or.kr/api/total-sfp/31100651?y=2022,2026-10-08T20:30:54+09:00
H-ILSAN-PAIK,2022,2022-03-01,2023-02-28,foreign_long_term_borrowings,외화장기차입금,0,khidi_haspa,https://haspa.khidi.or.kr/api/total-sfp/31100651?y=2022,2026-10-08T20:30:54+09:00
H-ILSAN-PAIK,2023,2023-03-01,2024-02-29,medical_revenue,의료수익,241379970661,khidi_haspa,https://haspa.khidi.or.kr/api/total-is/31100651?y=2023,2026-10-08T20:31:04+09:00
H-ILSAN-PAIK,2023,2023-03-01,2024-02-29,inpatient_revenue,입원수익,152372666525,khidi_haspa,https://haspa.khidi.or.kr/api/total-is/31100651?y=2023,2026-10-08T20:31:04+09:00
H-ILSAN-PAIK,2023,2023-03-01,2024-02-29,outpatient_revenue,외래수익,82537496319,khidi_haspa,https://haspa.khidi.or.kr/api/total-is/31100651?y=2023,2026-10-08T20:31:04+09:00
H-ILSAN-PAIK,2023,2023-03-01,2024-02-29,medical_expense,의료비용,252005146574,khidi_haspa,https://haspa.khidi.or.kr/api/total-is/31100651?y=2023,2026-10-08T20:31:04+09:00
H-ILSAN-PAIK,2023,2023-03-01,2024-02-29,labor_cost,인건비,122358018721,khidi_haspa,https://haspa.khidi.or.kr/api/total-is/31100651?y=2023,2026-10-08T20:31:04+09:00
H-ILSAN-PAIK,2023,2023-03-01,2024-02-29,material_cost,재료비,75610521815,khidi_haspa,https://haspa.khidi.or.kr/api/total-is/31100651?y=2023,2026-10-08T20:31:04+09:00
H-ILSAN-PAIK,2023,2023-03-01,2024-02-29,drug_cost,약품비,32325925404,khidi_haspa,https://haspa.khidi.or.kr/api/total-is/31100651?y=2023,2026-10-08T20:31:04+09:00
H-ILSAN-PAIK,2023,2023-03-01,2024-02-29,supply_cost,진료재료비,40549923428,khidi_haspa,https://haspa.khidi.or.kr/api/total-is/31100651?y=2023,2026-10-08T20:31:04+09:00
H-ILSAN-PAIK,2023,2023-03-01,2024-02-29,admin_cost,관리운영비,54036606038,khidi_haspa,https://haspa.khidi.or.kr/api/total-is/31100651?y=2023,2026-10-08T20:31:04+09:00
H-ILSAN-PAIK,2023,2023-03-01,2024-02-29,medical_profit,의료이익(손실),-10625175913,khidi_haspa,https://haspa.khidi.or.kr/api/total-is/31100651?y=2023,2026-10-08T20:31:04+09:00
H-ILSAN-PAIK,2023,2023-03-01,2024-02-29,non_medical_revenue,의료외수익,3419074557,khidi_haspa,https://haspa.khidi.or.kr/api/total-is/31100651?y=2023,2026-10-08T20:31:04+09:00
H-ILSAN-PAIK,2023,2023-03-01,2024-02-29,non_medical_expense,의료외비용,2271252498,khidi_haspa,https://haspa.khidi.or.kr/api/total-is/31100651?y=2023,2026-10-08T20:31:04+09:00
H-ILSAN-PAIK,2023,2023-03-01,2024-02-29,net_income,당기순이익,-5009216909,khidi_haspa,https://haspa.khidi.or.kr/api/total-is/31100651?y=2023,2026-10-08T20:31:04+09:00
H-ILSAN-PAIK,2023,2023-03-01,2024-02-29,total_assets,자산총계,202325331370,khidi_haspa,https://haspa.khidi.or.kr/api/total-sfp/31100651?y=2023,2026-10-08T20:31:04+09:00
H-ILSAN-PAIK,2023,2023-03-01,2024-02-29,total_liabilities,부채총계,151736604391,khidi_haspa,https://haspa.khidi.or.kr/api/total-sfp/31100651?y=2023,2026-10-08T20:31:04+09:00
H-ILSAN-PAIK,2023,2023-03-01,2024-02-29,total_equity,자본총계,50588726979,khidi_haspa,https://haspa.khidi.or.kr/api/total-sfp/31100651?y=2023,2026-10-08T20:31:04+09:00
H-ILSAN-PAIK,2023,2023-03-01,2024-02-29,current_assets,유동자산,83357512855,khidi_haspa,https://haspa.khidi.or.kr/api/total-sfp/31100651?y=2023,2026-10-08T20:31:04+09:00
H-ILSAN-PAIK,2023,2023-03-01,2024-02-29,current_liabilities,유동부채,68961239768,khidi_haspa,https://haspa.khidi.or.kr/api/total-sfp/31100651?y=2023,2026-10-08T20:31:04+09:00
H-ILSAN-PAIK,2023,2023-03-01,2024-02-29,short_term_borrowings,단기차입금,0,khidi_haspa,https://haspa.khidi.or.kr/api/total-sfp/31100651?y=2023,2026-10-08T20:31:04+09:00
H-ILSAN-PAIK,2023,2023-03-01,2024-02-29,employee_short_term_borrowings,임직원단기차입금,0,khidi_haspa,https://haspa.khidi.or.kr/api/total-sfp/31100651?y=2023,2026-10-08T20:31:04+09:00
H-ILSAN-PAIK,2023,2023-03-01,2024-02-29,current_long_term_debt,유동성장기부채,3101292543,khidi_haspa,https://haspa.khidi.or.kr/api/total-sfp/31100651?y=2023,2026-10-08T20:31:04+09:00
H-ILSAN-PAIK,2023,2023-03-01,2024-02-29,long_term_borrowings,장기차입금,0,khidi_haspa,https://haspa.khidi.or.kr/api/total-sfp/31100651?y=2023,2026-10-08T20:31:04+09:00
H-ILSAN-PAIK,2023,2023-03-01,2024-02-29,foreign_long_term_borrowings,외화장기차입금,0,khidi_haspa,https://haspa.khidi.or.kr/api/total-sfp/31100651?y=2023,2026-10-08T20:31:04+09:00
H-ILSAN-PAIK,2024,2024-03-01,2025-02-28,medical_revenue,의료수익,212572269778,khidi_haspa,https://haspa.khidi.or.kr/api/total-is/31100651?y=2024,2026-10-08T20:31:14+09:00
H-ILSAN-PAIK,2024,2024-03-01,2025-02-28,inpatient_revenue,입원수익,125649457706,khidi_haspa,https://haspa.khidi.or.kr/api/total-is/31100651?y=2024,2026-10-08T20:31:14+09:00
H-ILSAN-PAIK,2024,2024-03-01,2025-02-28,outpatient_revenue,외래수익,81167063113,khidi_haspa,https://haspa.khidi.or.kr/api/total-is/31100651?y=2024,2026-10-08T20:31:14+09:00
H-ILSAN-PAIK,2024,2024-03-01,2025-02-28,medical_expense,의료비용,231221601730,khidi_haspa,https://haspa.khidi.or.kr/api/total-is/31100651?y=2024,2026-10-08T20:31:14+09:00
H-ILSAN-PAIK,2024,2024-03-01,2025-02-28,labor_cost,인건비,112947047242,khidi_haspa,https://haspa.khidi.or.kr/api/total-is/31100651?y=2024,2026-10-08T20:31:14+09:00
H-ILSAN-PAIK,2024,2024-03-01,2025-02-28,material_cost,재료비,64366378394,khidi_haspa,https://haspa.khidi.or.kr/api/total-is/31100651?y=2024,2026-10-08T20:31:14+09:00
H-ILSAN-PAIK,2024,2024-03-01,2025-02-28,drug_cost,약품비,29056294327,khidi_haspa,https://haspa.khidi.or.kr/api/total-is/31100651?y=2024,2026-10-08T20:31:14+09:00
H-ILSAN-PAIK,2024,2024-03-01,2025-02-28,supply_cost,진료재료비,33237998862,khidi_haspa,https://haspa.khidi.or.kr/api/total-is/31100651?y=2024,2026-10-08T20:31:14+09:00
H-ILSAN-PAIK,2024,2024-03-01,2025-02-28,admin_cost,관리운영비,53908176094,khidi_haspa,https://haspa.khidi.or.kr/api/total-is/31100651?y=2024,2026-10-08T20:31:14+09:00
H-ILSAN-PAIK,2024,2024-03-01,2025-02-28,medical_profit,의료이익(손실),-18649331952,khidi_haspa,https://haspa.khidi.or.kr/api/total-is/31100651?y=2024,2026-10-08T20:31:14+09:00
H-ILSAN-PAIK,2024,2024-03-01,2025-02-28,non_medical_revenue,의료외수익,12075083393,khidi_haspa,https://haspa.khidi.or.kr/api/total-is/31100651?y=2024,2026-10-08T20:31:14+09:00
H-ILSAN-PAIK,2024,2024-03-01,2025-02-28,non_medical_expense,의료외비용,5234467830,khidi_haspa,https://haspa.khidi.or.kr/api/total-is/31100651?y=2024,2026-10-08T20:31:14+09:00
H-ILSAN-PAIK,2024,2024-03-01,2025-02-28,net_income,당기순이익,-6175389132,khidi_haspa,https://haspa.khidi.or.kr/api/total-is/31100651?y=2024,2026-10-08T20:31:14+09:00
H-ILSAN-PAIK,2024,2024-03-01,2025-02-28,total_assets,자산총계,219650086718,khidi_haspa,https://haspa.khidi.or.kr/api/total-sfp/31100651?y=2024,2026-10-08T20:31:14+09:00
H-ILSAN-PAIK,2024,2024-03-01,2025-02-28,total_liabilities,부채총계,175236748871,khidi_haspa,https://haspa.khidi.or.kr/api/total-sfp/31100651?y=2024,2026-10-08T20:31:14+09:00
H-ILSAN-PAIK,2024,2024-03-01,2025-02-28,total_equity,자본총계,44413337847,khidi_haspa,https://haspa.khidi.or.kr/api/total-sfp/31100651?y=2024,2026-10-08T20:31:14+09:00
H-ILSAN-PAIK,2024,2024-03-01,2025-02-28,current_assets,유동자산,89493599448,khidi_haspa,https://haspa.khidi.or.kr/api/total-sfp/31100651?y=2024,2026-10-08T20:31:14+09:00
H-ILSAN-PAIK,2024,2024-03-01,2025-02-28,current_liabilities,유동부채,87954915177,khidi_haspa,https://haspa.khidi.or.kr/api/total-sfp/31100651?y=2024,2026-10-08T20:31:14+09:00
H-ILSAN-PAIK,2024,2024-03-01,2025-02-28,short_term_borrowings,단기차입금,0,khidi_haspa,https://haspa.khidi.or.kr/api/total-sfp/31100651?y=2024,2026-10-08T20:31:14+09:00
H-ILSAN-PAIK,2024,2024-03-01,2025-02-28,employee_short_term_borrowings,임직원단기차입금,0,khidi_haspa,https://haspa.khidi.or.kr/api/total-sfp/31100651?y=2024,2026-10-08T20:31:14+09:00
H-ILSAN-PAIK,2024,2024-03-01,2025-02-28,current_long_term_debt,유동성장기부채,3799320950,khidi_haspa,https://haspa.khidi.or.kr/api/total-sfp/31100651?y=2024,2026-10-08T20:31:14+09:00
H-ILSAN-PAIK,2024,2024-03-01,2025-02-28,long_term_borrowings,장기차입금,0,khidi_haspa,https://haspa.khidi.or.kr/api/total-sfp/31100651?y=2024,2026-10-08T20:31:14+09:00
H-ILSAN-PAIK,2024,2024-03-01,2025-02-28,foreign_long_term_borrowings,외화장기차입금,0,khidi_haspa,https://haspa.khidi.or.kr/api/total-sfp/31100651?y=2024,2026-10-08T20:31:14+09:00
H-KOSIN,2016,2016-03-01,2017-02-28,medical_revenue,의료수익,215676598753,khidi_haspa,https://haspa.khidi.or.kr/api/total-is/21100039?y=2016,2026-10-08T20:37:40+09:00
H-KOSIN,2016,2016-03-01,2017-02-28,inpatient_revenue,입원수익,156610227008,khidi_haspa,https://haspa.khidi.or.kr/api/total-is/21100039?y=2016,2026-10-08T20:37:40+09:00
H-KOSIN,2016,2016-03-01,2017-02-28,outpatient_revenue,외래수익,54287441221,khidi_haspa,https://haspa.khidi.or.kr/api/total-is/21100039?y=2016,2026-10-08T20:37:40+09:00
H-KOSIN,2016,2016-03-01,2017-02-28,medical_expense,의료비용,213795785100,khidi_haspa,https://haspa.khidi.or.kr/api/total-is/21100039?y=2016,2026-10-08T20:37:40+09:00
H-KOSIN,2016,2016-03-01,2017-02-28,labor_cost,인건비,107397545068,khidi_haspa,https://haspa.khidi.or.kr/api/total-is/21100039?y=2016,2026-10-08T20:37:40+09:00
H-KOSIN,2016,2016-03-01,2017-02-28,material_cost,재료비,75387843618,khidi_haspa,https://haspa.khidi.or.kr/api/total-is/21100039?y=2016,2026-10-08T20:37:40+09:00
H-KOSIN,2016,2016-03-01,2017-02-28,drug_cost,약품비,41002579522,khidi_haspa,https://haspa.khidi.or.kr/api/total-is/21100039?y=2016,2026-10-08T20:37:40+09:00
H-KOSIN,2016,2016-03-01,2017-02-28,supply_cost,진료재료비,32014695676,khidi_haspa,https://haspa.khidi.or.kr/api/total-is/21100039?y=2016,2026-10-08T20:37:40+09:00
H-KOSIN,2016,2016-03-01,2017-02-28,admin_cost,관리운영비,31010396414,khidi_haspa,https://haspa.khidi.or.kr/api/total-is/21100039?y=2016,2026-10-08T20:37:40+09:00
H-KOSIN,2016,2016-03-01,2017-02-28,medical_profit,의료이익(손실),1880813653,khidi_haspa,https://haspa.khidi.or.kr/api/total-is/21100039?y=2016,2026-10-08T20:37:40+09:00
H-KOSIN,2016,2016-03-01,2017-02-28,non_medical_revenue,의료외수익,3022524095,khidi_haspa,https://haspa.khidi.or.kr/api/total-is/21100039?y=2016,2026-10-08T20:37:40+09:00
H-KOSIN,2016,2016-03-01,2017-02-28,non_medical_expense,의료외비용,1817404785,khidi_haspa,https://haspa.khidi.or.kr/api/total-is/21100039?y=2016,2026-10-08T20:37:40+09:00
H-KOSIN,2016,2016-03-01,2017-02-28,net_income,당기순이익,0,khidi_haspa,https://haspa.khidi.or.kr/api/total-is/21100039?y=2016,2026-10-08T20:37:40+09:00
H-KOSIN,2016,2016-03-01,2017-02-28,total_assets,자산총계,111376060110,khidi_haspa,https://haspa.khidi.or.kr/api/total-sfp/21100039?y=2016,2026-10-08T20:37:40+09:00
H-KOSIN,2016,2016-03-01,2017-02-28,total_liabilities,부채총계,108697220162,khidi_haspa,https://haspa.khidi.or.kr/api/total-sfp/21100039?y=2016,2026-10-08T20:37:40+09:00
H-KOSIN,2016,2016-03-01,2017-02-28,total_equity,자본총계,2678839948,khidi_haspa,https://haspa.khidi.or.kr/api/total-sfp/21100039?y=2016,2026-10-08T20:37:40+09:00
H-KOSIN,2016,2016-03-01,2017-02-28,current_assets,유동자산,27886807975,khidi_haspa,https://haspa.khidi.or.kr/api/total-sfp/21100039?y=2016,2026-10-08T20:37:40+09:00
H-KOSIN,2016,2016-03-01,2017-02-28,current_liabilities,유동부채,57755763770,khidi_haspa,https://haspa.khidi.or.kr/api/total-sfp/21100039?y=2016,2026-10-08T20:37:40+09:00
H-KOSIN,2016,2016-03-01,2017-02-28,short_term_borrowings,단기차입금,0,khidi_haspa,https://haspa.khidi.or.kr/api/total-sfp/21100039?y=2016,2026-10-08T20:37:40+09:00
H-KOSIN,2016,2016-03-01,2017-02-28,employee_short_term_borrowings,임직원단기차입금,0,khidi_haspa,https://haspa.khidi.or.kr/api/total-sfp/21100039?y=2016,2026-10-08T20:37:40+09:00
H-KOSIN,2016,2016-03-01,2017-02-28,current_long_term_debt,유동성장기부채,5390735153,khidi_haspa,https://haspa.khidi.or.kr/api/total-sfp/21100039?y=2016,2026-10-08T20:37:40+09:00
H-KOSIN,2016,2016-03-01,2017-02-28,long_term_borrowings,장기차입금,2873945288,khidi_haspa,https://haspa.khidi.or.kr/api/total-sfp/21100039?y=2016,2026-10-08T20:37:40+09:00
H-KOSIN,2016,2016-03-01,2017-02-28,foreign_long_term_borrowings,외화장기차입금,0,khidi_haspa,https://haspa.khidi.or.kr/api/total-sfp/21100039?y=2016,2026-10-08T20:37:40+09:00
H-KOSIN,2017,2017-03-01,2018-02-28,medical_revenue,의료수익,225050285750,khidi_haspa,https://haspa.khidi.or.kr/api/total-is/21100039?y=2017,2026-10-08T20:37:51+09:00
H-KOSIN,2017,2017-03-01,2018-02-28,inpatient_revenue,입원수익,164282988200,khidi_haspa,https://haspa.khidi.or.kr/api/total-is/21100039?y=2017,2026-10-08T20:37:51+09:00
H-KOSIN,2017,2017-03-01,2018-02-28,outpatient_revenue,외래수익,56294044412,khidi_haspa,https://haspa.khidi.or.kr/api/total-is/21100039?y=2017,2026-10-08T20:37:51+09:00
H-KOSIN,2017,2017-03-01,2018-02-28,medical_expense,의료비용,221023378392,khidi_haspa,https://haspa.khidi.or.kr/api/total-is/21100039?y=2017,2026-10-08T20:37:51+09:00
H-KOSIN,2017,2017-03-01,2018-02-28,labor_cost,인건비,107909102325,khidi_haspa,https://haspa.khidi.or.kr/api/total-is/21100039?y=2017,2026-10-08T20:37:51+09:00
H-KOSIN,2017,2017-03-01,2018-02-28,material_cost,재료비,80206953113,khidi_haspa,https://haspa.khidi.or.kr/api/total-is/21100039?y=2017,2026-10-08T20:37:51+09:00
H-KOSIN,2017,2017-03-01,2018-02-28,drug_cost,약품비,43809154633,khidi_haspa,https://haspa.khidi.or.kr/api/total-is/21100039?y=2017,2026-10-08T20:37:51+09:00
H-KOSIN,2017,2017-03-01,2018-02-28,supply_cost,진료재료비,33857628073,khidi_haspa,https://haspa.khidi.or.kr/api/total-is/21100039?y=2017,2026-10-08T20:37:51+09:00
H-KOSIN,2017,2017-03-01,2018-02-28,admin_cost,관리운영비,32907322954,khidi_haspa,https://haspa.khidi.or.kr/api/total-is/21100039?y=2017,2026-10-08T20:37:51+09:00
H-KOSIN,2017,2017-03-01,2018-02-28,medical_profit,의료이익(손실),4026907358,khidi_haspa,https://haspa.khidi.or.kr/api/total-is/21100039?y=2017,2026-10-08T20:37:51+09:00
H-KOSIN,2017,2017-03-01,2018-02-28,non_medical_revenue,의료외수익,3322921814,khidi_haspa,https://haspa.khidi.or.kr/api/total-is/21100039?y=2017,2026-10-08T20:37:51+09:00
H-KOSIN,2017,2017-03-01,2018-02-28,non_medical_expense,의료외비용,1895250541,khidi_haspa,https://haspa.khidi.or.kr/api/total-is/21100039?y=2017,2026-10-08T20:37:51+09:00
H-KOSIN,2017,2017-03-01,2018-02-28,net_income,당기순이익,0,khidi_haspa,https://haspa.khidi.or.kr/api/total-is/21100039?y=2017,2026-10-08T20:37:51+09:00
H-KOSIN,2017,2017-03-01,2018-02-28,total_assets,자산총계,116145808976,khidi_haspa,https://haspa.khidi.or.kr/api/total-sfp/21100039?y=2017,2026-10-08T20:37:51+09:00
H-KOSIN,2017,2017-03-01,2018-02-28,total_liabilities,부채총계,113448642028,khidi_haspa,https://haspa.khidi.or.kr/api/total-sfp/21100039?y=2017,2026-10-08T20:37:51+09:00
H-KOSIN,2017,2017-03-01,2018-02-28,total_equity,자본총계,2697166948,khidi_haspa,https://haspa.khidi.or.kr/api/total-sfp/21100039?y=2017,2026-10-08T20:37:51+09:00
H-KOSIN,2017,2017-03-01,2018-02-28,current_assets,유동자산,31761799519,khidi_haspa,https://haspa.khidi.or.kr/api/total-sfp/21100039?y=2017,2026-10-08T20:37:51+09:00
H-KOSIN,2017,2017-03-01,2018-02-28,current_liabilities,유동부채,68566520420,khidi_haspa,https://haspa.khidi.or.kr/api/total-sfp/21100039?y=2017,2026-10-08T20:37:51+09:00
H-KOSIN,2017,2017-03-01,2018-02-28,short_term_borrowings,단기차입금,0,khidi_haspa,https://haspa.khidi.or.kr/api/total-sfp/21100039?y=2017,2026-10-08T20:37:51+09:00
H-KOSIN,2017,2017-03-01,2018-02-28,employee_short_term_borrowings,임직원단기차입금,0,khidi_haspa,https://haspa.khidi.or.kr/api/total-sfp/21100039?y=2017,2026-10-08T20:37:51+09:00
H-KOSIN,2017,2017-03-01,2018-02-28,current_long_term_debt,유동성장기부채,4156059427,khidi_haspa,https://haspa.khidi.or.kr/api/total-sfp/21100039?y=2017,2026-10-08T20:37:51+09:00
H-KOSIN,2017,2017-03-01,2018-02-28,long_term_borrowings,장기차입금,1731093288,khidi_haspa,https://haspa.khidi.or.kr/api/total-sfp/21100039?y=2017,2026-10-08T20:37:51+09:00
H-KOSIN,2017,2017-03-01,2018-02-28,foreign_long_term_borrowings,외화장기차입금,0,khidi_haspa,https://haspa.khidi.or.kr/api/total-sfp/21100039?y=2017,2026-10-08T20:37:51+09:00
H-KOSIN,2018,2018-03-01,2019-02-28,medical_revenue,의료수익,243521462310,khidi_haspa,https://haspa.khidi.or.kr/api/total-is/21100039?y=2018,2026-10-08T20:38:01+09:00
H-KOSIN,2018,2018-03-01,2019-02-28,inpatient_revenue,입원수익,174197516291,khidi_haspa,https://haspa.khidi.or.kr/api/total-is/21100039?y=2018,2026-10-08T20:38:01+09:00
H-KOSIN,2018,2018-03-01,2019-02-28,outpatient_revenue,외래수익,64333143167,khidi_haspa,https://haspa.khidi.or.kr/api/total-is/21100039?y=2018,2026-10-08T20:38:01+09:00
H-KOSIN,2018,2018-03-01,2019-02-28,medical_expense,의료비용,240503981213,khidi_haspa,https://haspa.khidi.or.kr/api/total-is/21100039?y=2018,2026-10-08T20:38:01+09:00
H-KOSIN,2018,2018-03-01,2019-02-28,labor_cost,인건비,114612362534,khidi_haspa,https://haspa.khidi.or.kr/api/total-is/21100039?y=2018,2026-10-08T20:38:01+09:00
H-KOSIN,2018,2018-03-01,2019-02-28,material_cost,재료비,86864224646,khidi_haspa,https://haspa.khidi.or.kr/api/total-is/21100039?y=2018,2026-10-08T20:38:01+09:00
H-KOSIN,2018,2018-03-01,2019-02-28,drug_cost,약품비,49403083153,khidi_haspa,https://haspa.khidi.or.kr/api/total-is/21100039?y=2018,2026-10-08T20:38:01+09:00
H-KOSIN,2018,2018-03-01,2019-02-28,supply_cost,진료재료비,34697137080,khidi_haspa,https://haspa.khidi.or.kr/api/total-is/21100039?y=2018,2026-10-08T20:38:01+09:00
H-KOSIN,2018,2018-03-01,2019-02-28,admin_cost,관리운영비,39027394033,khidi_haspa,https://haspa.khidi.or.kr/api/total-is/21100039?y=2018,2026-10-08T20:38:01+09:00
H-KOSIN,2018,2018-03-01,2019-02-28,medical_profit,의료이익(손실),3017481097,khidi_haspa,https://haspa.khidi.or.kr/api/total-is/21100039?y=2018,2026-10-08T20:38:01+09:00
H-KOSIN,2018,2018-03-01,2019-02-28,non_medical_revenue,의료외수익,4148983689,khidi_haspa,https://haspa.khidi.or.kr/api/total-is/21100039?y=2018,2026-10-08T20:38:01+09:00
H-KOSIN,2018,2018-03-01,2019-02-28,non_medical_expense,의료외비용,6202893837,khidi_haspa,https://haspa.khidi.or.kr/api/total-is/21100039?y=2018,2026-10-08T20:38:01+09:00
H-KOSIN,2018,2018-03-01,2019-02-28,net_income,당기순이익,0,khidi_haspa,https://haspa.khidi.or.kr/api/total-is/21100039?y=2018,2026-10-08T20:38:01+09:00
H-KOSIN,2018,2018-03-01,2019-02-28,total_assets,자산총계,146675712501,khidi_haspa,https://haspa.khidi.or.kr/api/total-sfp/21100039?y=2018,2026-10-08T20:38:01+09:00
H-KOSIN,2018,2018-03-01,2019-02-28,total_liabilities,부채총계,143257991553,khidi_haspa,https://haspa.khidi.or.kr/api/total-sfp/21100039?y=2018,2026-10-08T20:38:01+09:00
H-KOSIN,2018,2018-03-01,2019-02-28,total_equity,자본총계,3417720948,khidi_haspa,https://haspa.khidi.or.kr/api/total-sfp/21100039?y=2018,2026-10-08T20:38:01+09:00
H-KOSIN,2018,2018-03-01,2019-02-28,current_assets,유동자산,47722356137,khidi_haspa,https://haspa.khidi.or.kr/api/total-sfp/21100039?y=2018,2026-10-08T20:38:01+09:00
H-KOSIN,2018,2018-03-01,2019-02-28,current_liabilities,유동부채,101320342098,khidi_haspa,https://haspa.khidi.or.kr/api/total-sfp/21100039?y=2018,2026-10-08T20:38:01+09:00
H-KOSIN,2018,2018-03-01,2019-02-28,short_term_borrowings,단기차입금,0,khidi_haspa,https://haspa.khidi.or.kr/api/total-sfp/21100039?y=2018,2026-10-08T20:38:01+09:00
H-KOSIN,2018,2018-03-01,2019-02-28,employee_short_term_borrowings,임직원단기차입금,0,khidi_haspa,https://haspa.khidi.or.kr/api/total-sfp/21100039?y=2018,2026-10-08T20:38:01+09:00
H-KOSIN,2018,2018-03-01,2019-02-28,current_long_term_debt,유동성장기부채,5757713576,khidi_haspa,https://haspa.khidi.or.kr/api/total-sfp/21100039?y=2018,2026-10-08T20:38:01+09:00
H-KOSIN,2018,2018-03-01,2019-02-28,long_term_borrowings,장기차입금,588241288,khidi_haspa,https://haspa.khidi.or.kr/api/total-sfp/21100039?y=2018,2026-10-08T20:38:01+09:00
H-KOSIN,2018,2018-03-01,2019-02-28,foreign_long_term_borrowings,외화장기차입금,0,khidi_haspa,https://haspa.khidi.or.kr/api/total-sfp/21100039?y=2018,2026-10-08T20:38:01+09:00
H-KOSIN,2019,2019-03-01,2020-02-29,medical_revenue,의료수익,267264213002,khidi_haspa,https://haspa.khidi.or.kr/api/total-is/21100039?y=2019,2026-10-08T20:38:11+09:00
H-KOSIN,2019,2019-03-01,2020-02-29,inpatient_revenue,입원수익,188849555146,khidi_haspa,https://haspa.khidi.or.kr/api/total-is/21100039?y=2019,2026-10-08T20:38:11+09:00
H-KOSIN,2019,2019-03-01,2020-02-29,outpatient_revenue,외래수익,71067742881,khidi_haspa,https://haspa.khidi.or.kr/api/total-is/21100039?y=2019,2026-10-08T20:38:11+09:00
H-KOSIN,2019,2019-03-01,2020-02-29,medical_expense,의료비용,266655858936,khidi_haspa,https://haspa.khidi.or.kr/api/total-is/21100039?y=2019,2026-10-08T20:38:11+09:00
H-KOSIN,2019,2019-03-01,2020-02-29,labor_cost,인건비,125812954640,khidi_haspa,https://haspa.khidi.or.kr/api/total-is/21100039?y=2019,2026-10-08T20:38:11+09:00
H-KOSIN,2019,2019-03-01,2020-02-29,material_cost,재료비,94831112417,khidi_haspa,https://haspa.khidi.or.kr/api/total-is/21100039?y=2019,2026-10-08T20:38:11+09:00
H-KOSIN,2019,2019-03-01,2020-02-29,drug_cost,약품비,56442249971,khidi_haspa,https://haspa.khidi.or.kr/api/total-is/21100039?y=2019,2026-10-08T20:38:11+09:00
H-KOSIN,2019,2019-03-01,2020-02-29,supply_cost,진료재료비,35358243371,khidi_haspa,https://haspa.khidi.or.kr/api/total-is/21100039?y=2019,2026-10-08T20:38:11+09:00
H-KOSIN,2019,2019-03-01,2020-02-29,admin_cost,관리운영비,45974327619,khidi_haspa,https://haspa.khidi.or.kr/api/total-is/21100039?y=2019,2026-10-08T20:38:11+09:00
H-KOSIN,2019,2019-03-01,2020-02-29,medical_profit,의료이익(손실),608354066,khidi_haspa,https://haspa.khidi.or.kr/api/total-is/21100039?y=2019,2026-10-08T20:38:11+09:00
H-KOSIN,2019,2019-03-01,2020-02-29,non_medical_revenue,의료외수익,4599412464,khidi_haspa,https://haspa.khidi.or.kr/api/total-is/21100039?y=2019,2026-10-08T20:38:11+09:00
H-KOSIN,2019,2019-03-01,2020-02-29,non_medical_expense,의료외비용,11734228704,khidi_haspa,https://haspa.khidi.or.kr/api/total-is/21100039?y=2019,2026-10-08T20:38:11+09:00
H-KOSIN,2019,2019-03-01,2020-02-29,net_income,당기순이익,-5633285384,khidi_haspa,https://haspa.khidi.or.kr/api/total-is/21100039?y=2019,2026-10-08T20:38:11+09:00
H-KOSIN,2019,2019-03-01,2020-02-29,total_assets,자산총계,136876422851,khidi_haspa,https://haspa.khidi.or.kr/api/total-sfp/21100039?y=2019,2026-10-08T20:38:11+09:00
H-KOSIN,2019,2019-03-01,2020-02-29,total_liabilities,부채총계,138395205287,khidi_haspa,https://haspa.khidi.or.kr/api/total-sfp/21100039?y=2019,2026-10-08T20:38:11+09:00
H-KOSIN,2019,2019-03-01,2020-02-29,total_equity,자본총계,-1518782436,khidi_haspa,https://haspa.khidi.or.kr/api/total-sfp/21100039?y=2019,2026-10-08T20:38:11+09:00
H-KOSIN,2019,2019-03-01,2020-02-29,current_assets,유동자산,40590316549,khidi_haspa,https://haspa.khidi.or.kr/api/total-sfp/21100039?y=2019,2026-10-08T20:38:11+09:00
H-KOSIN,2019,2019-03-01,2020-02-29,current_liabilities,유동부채,98181948023,khidi_haspa,https://haspa.khidi.or.kr/api/total-sfp/21100039?y=2019,2026-10-08T20:38:11+09:00
H-KOSIN,2019,2019-03-01,2020-02-29,short_term_borrowings,단기차입금,0,khidi_haspa,https://haspa.khidi.or.kr/api/total-sfp/21100039?y=2019,2026-10-08T20:38:11+09:00
H-KOSIN,2019,2019-03-01,2020-02-29,employee_short_term_borrowings,임직원단기차입금,0,khidi_haspa,https://haspa.khidi.or.kr/api/total-sfp/21100039?y=2019,2026-10-08T20:38:11+09:00
H-KOSIN,2019,2019-03-01,2020-02-29,current_long_term_debt,유동성장기부채,6829124039,khidi_haspa,https://haspa.khidi.or.kr/api/total-sfp/21100039?y=2019,2026-10-08T20:38:11+09:00
H-KOSIN,2019,2019-03-01,2020-02-29,long_term_borrowings,장기차입금,0,khidi_haspa,https://haspa.khidi.or.kr/api/total-sfp/21100039?y=2019,2026-10-08T20:38:11+09:00
H-KOSIN,2019,2019-03-01,2020-02-29,foreign_long_term_borrowings,외화장기차입금,0,khidi_haspa,https://haspa.khidi.or.kr/api/total-sfp/21100039?y=2019,2026-10-08T20:38:11+09:00
H-KOSIN,2020,2020-03-01,2021-02-28,medical_revenue,의료수익,284769927200,khidi_haspa,https://haspa.khidi.or.kr/api/total-is/21100039?y=2020,2026-10-08T20:38:22+09:00
H-KOSIN,2020,2020-03-01,2021-02-28,inpatient_revenue,입원수익,198453600083,khidi_haspa,https://haspa.khidi.or.kr/api/total-is/21100039?y=2020,2026-10-08T20:38:22+09:00
H-KOSIN,2020,2020-03-01,2021-02-28,outpatient_revenue,외래수익,78826924533,khidi_haspa,https://haspa.khidi.or.kr/api/total-is/21100039?y=2020,2026-10-08T20:38:22+09:00
H-KOSIN,2020,2020-03-01,2021-02-28,medical_expense,의료비용,286077731989,khidi_haspa,https://haspa.khidi.or.kr/api/total-is/21100039?y=2020,2026-10-08T20:38:22+09:00
H-KOSIN,2020,2020-03-01,2021-02-28,labor_cost,인건비,134688720908,khidi_haspa,https://haspa.khidi.or.kr/api/total-is/21100039?y=2020,2026-10-08T20:38:22+09:00
H-KOSIN,2020,2020-03-01,2021-02-28,material_cost,재료비,105916809288,khidi_haspa,https://haspa.khidi.or.kr/api/total-is/21100039?y=2020,2026-10-08T20:38:22+09:00
H-KOSIN,2020,2020-03-01,2021-02-28,drug_cost,약품비,64196416214,khidi_haspa,https://haspa.khidi.or.kr/api/total-is/21100039?y=2020,2026-10-08T20:38:22+09:00
H-KOSIN,2020,2020-03-01,2021-02-28,supply_cost,진료재료비,38673432783,khidi_haspa,https://haspa.khidi.or.kr/api/total-is/21100039?y=2020,2026-10-08T20:38:22+09:00
H-KOSIN,2020,2020-03-01,2021-02-28,admin_cost,관리운영비,45472201793,khidi_haspa,https://haspa.khidi.or.kr/api/total-is/21100039?y=2020,2026-10-08T20:38:22+09:00
H-KOSIN,2020,2020-03-01,2021-02-28,medical_profit,의료이익(손실),-1307804789,khidi_haspa,https://haspa.khidi.or.kr/api/total-is/21100039?y=2020,2026-10-08T20:38:22+09:00
H-KOSIN,2020,2020-03-01,2021-02-28,non_medical_revenue,의료외수익,7180140675,khidi_haspa,https://haspa.khidi.or.kr/api/total-is/21100039?y=2020,2026-10-08T20:38:22+09:00
H-KOSIN,2020,2020-03-01,2021-02-28,non_medical_expense,의료외비용,15950768847,khidi_haspa,https://haspa.khidi.or.kr/api/total-is/21100039?y=2020,2026-10-08T20:38:22+09:00
H-KOSIN,2020,2020-03-01,2021-02-28,net_income,당기순이익,-9260199443,khidi_haspa,https://haspa.khidi.or.kr/api/total-is/21100039?y=2020,2026-10-08T20:38:22+09:00
H-KOSIN,2020,2020-03-01,2021-02-28,total_assets,자산총계,132784332749,khidi_haspa,https://haspa.khidi.or.kr/api/total-sfp/21100039?y=2020,2026-10-08T20:38:22+09:00
H-KOSIN,2020,2020-03-01,2021-02-28,total_liabilities,부채총계,142681003628,khidi_haspa,https://haspa.khidi.or.kr/api/total-sfp/21100039?y=2020,2026-10-08T20:38:22+09:00
H-KOSIN,2020,2020-03-01,2021-02-28,total_equity,자본총계,-9896670879,khidi_haspa,https://haspa.khidi.or.kr/api/total-sfp/21100039?y=2020,2026-10-08T20:38:22+09:00
H-KOSIN,2020,2020-03-01,2021-02-28,current_assets,유동자산,40353525166,khidi_haspa,https://haspa.khidi.or.kr/api/total-sfp/21100039?y=2020,2026-10-08T20:38:22+09:00
H-KOSIN,2020,2020-03-01,2021-02-28,current_liabilities,유동부채,101306258465,khidi_haspa,https://haspa.khidi.or.kr/api/total-sfp/21100039?y=2020,2026-10-08T20:38:22+09:00
H-KOSIN,2020,2020-03-01,2021-02-28,short_term_borrowings,단기차입금,0,khidi_haspa,https://haspa.khidi.or.kr/api/total-sfp/21100039?y=2020,2026-10-08T20:38:22+09:00
H-KOSIN,2020,2020-03-01,2021-02-28,employee_short_term_borrowings,임직원단기차입금,0,khidi_haspa,https://haspa.khidi.or.kr/api/total-sfp/21100039?y=2020,2026-10-08T20:38:22+09:00
H-KOSIN,2020,2020-03-01,2021-02-28,current_long_term_debt,유동성장기부채,8344843000,khidi_haspa,https://haspa.khidi.or.kr/api/total-sfp/21100039?y=2020,2026-10-08T20:38:22+09:00
H-KOSIN,2020,2020-03-01,2021-02-28,long_term_borrowings,장기차입금,5866560000,khidi_haspa,https://haspa.khidi.or.kr/api/total-sfp/21100039?y=2020,2026-10-08T20:38:22+09:00
H-KOSIN,2020,2020-03-01,2021-02-28,foreign_long_term_borrowings,외화장기차입금,0,khidi_haspa,https://haspa.khidi.or.kr/api/total-sfp/21100039?y=2020,2026-10-08T20:38:22+09:00
H-KOSIN,2021,2021-03-01,2022-02-28,medical_revenue,의료수익,295958055797,khidi_haspa,https://haspa.khidi.or.kr/api/total-is/21100039?y=2021,2026-10-08T20:38:32+09:00
H-KOSIN,2021,2021-03-01,2022-02-28,inpatient_revenue,입원수익,200390977916,khidi_haspa,https://haspa.khidi.or.kr/api/total-is/21100039?y=2021,2026-10-08T20:38:32+09:00
H-KOSIN,2021,2021-03-01,2022-02-28,outpatient_revenue,외래수익,87419412048,khidi_haspa,https://haspa.khidi.or.kr/api/total-is/21100039?y=2021,2026-10-08T20:38:32+09:00
H-KOSIN,2021,2021-03-01,2022-02-28,medical_expense,의료비용,293817847488,khidi_haspa,https://haspa.khidi.or.kr/api/total-is/21100039?y=2021,2026-10-08T20:38:32+09:00
H-KOSIN,2021,2021-03-01,2022-02-28,labor_cost,인건비,134517368838,khidi_haspa,https://haspa.khidi.or.kr/api/total-is/21100039?y=2021,2026-10-08T20:38:32+09:00
H-KOSIN,2021,2021-03-01,2022-02-28,material_cost,재료비,111469554150,khidi_haspa,https://haspa.khidi.or.kr/api/total-is/21100039?y=2021,2026-10-08T20:38:32+09:00
H-KOSIN,2021,2021-03-01,2022-02-28,drug_cost,약품비,66891991664,khidi_haspa,https://haspa.khidi.or.kr/api/total-is/21100039?y=2021,2026-10-08T20:38:32+09:00
H-KOSIN,2021,2021-03-01,2022-02-28,supply_cost,진료재료비,41222307406,khidi_haspa,https://haspa.khidi.or.kr/api/total-is/21100039?y=2021,2026-10-08T20:38:32+09:00
H-KOSIN,2021,2021-03-01,2022-02-28,admin_cost,관리운영비,47830924500,khidi_haspa,https://haspa.khidi.or.kr/api/total-is/21100039?y=2021,2026-10-08T20:38:32+09:00
H-KOSIN,2021,2021-03-01,2022-02-28,medical_profit,의료이익(손실),2140208309,khidi_haspa,https://haspa.khidi.or.kr/api/total-is/21100039?y=2021,2026-10-08T20:38:32+09:00
H-KOSIN,2021,2021-03-01,2022-02-28,non_medical_revenue,의료외수익,6713262858,khidi_haspa,https://haspa.khidi.or.kr/api/total-is/21100039?y=2021,2026-10-08T20:38:32+09:00
H-KOSIN,2021,2021-03-01,2022-02-28,non_medical_expense,의료외비용,13846386659,khidi_haspa,https://haspa.khidi.or.kr/api/total-is/21100039?y=2021,2026-10-08T20:38:32+09:00
H-KOSIN,2021,2021-03-01,2022-02-28,net_income,당기순이익,-4338521030,khidi_haspa,https://haspa.khidi.or.kr/api/total-is/21100039?y=2021,2026-10-08T20:38:32+09:00
H-KOSIN,2021,2021-03-01,2022-02-28,total_assets,자산총계,132364764897,khidi_haspa,https://haspa.khidi.or.kr/api/total-sfp/21100039?y=2021,2026-10-08T20:38:32+09:00
H-KOSIN,2021,2021-03-01,2022-02-28,total_liabilities,부채총계,143747242806,khidi_haspa,https://haspa.khidi.or.kr/api/total-sfp/21100039?y=2021,2026-10-08T20:38:32+09:00
H-KOSIN,2021,2021-03-01,2022-02-28,total_equity,자본총계,-11382477909,khidi_haspa,https://haspa.khidi.or.kr/api/total-sfp/21100039?y=2021,2026-10-08T20:38:32+09:00
H-KOSIN,2021,2021-03-01,2022-02-28,current_assets,유동자산,37546590776,khidi_haspa,https://haspa.khidi.or.kr/api/total-sfp/21100039?y=2021,2026-10-08T20:38:32+09:00
H-KOSIN,2021,2021-03-01,2022-02-28,current_liabilities,유동부채,105219702826,khidi_haspa,https://haspa.khidi.or.kr/api/total-sfp/21100039?y=2021,2026-10-08T20:38:32+09:00
H-KOSIN,2021,2021-03-01,2022-02-28,short_term_borrowings,단기차입금,0,khidi_haspa,https://haspa.khidi.or.kr/api/total-sfp/21100039?y=2021,2026-10-08T20:38:32+09:00
H-KOSIN,2021,2021-03-01,2022-02-28,employee_short_term_borrowings,임직원단기차입금,0,khidi_haspa,https://haspa.khidi.or.kr/api/total-sfp/21100039?y=2021,2026-10-08T20:38:32+09:00
H-KOSIN,2021,2021-03-01,2022-02-28,current_long_term_debt,유동성장기부채,9212744121,khidi_haspa,https://haspa.khidi.or.kr/api/total-sfp/21100039?y=2021,2026-10-08T20:38:32+09:00
H-KOSIN,2021,2021-03-01,2022-02-28,long_term_borrowings,장기차입금,4266560000,khidi_haspa,https://haspa.khidi.or.kr/api/total-sfp/21100039?y=2021,2026-10-08T20:38:32+09:00
H-KOSIN,2021,2021-03-01,2022-02-28,foreign_long_term_borrowings,외화장기차입금,0,khidi_haspa,https://haspa.khidi.or.kr/api/total-sfp/21100039?y=2021,2026-10-08T20:38:32+09:00
H-KOSIN,2022,2022-03-01,2023-02-28,medical_revenue,의료수익,300497556578,khidi_haspa,https://haspa.khidi.or.kr/api/total-is/21100039?y=2022,2026-10-08T20:38:43+09:00
H-KOSIN,2022,2022-03-01,2023-02-28,inpatient_revenue,입원수익,202704657983,khidi_haspa,https://haspa.khidi.or.kr/api/total-is/21100039?y=2022,2026-10-08T20:38:43+09:00
H-KOSIN,2022,2022-03-01,2023-02-28,outpatient_revenue,외래수익,88621087730,khidi_haspa,https://haspa.khidi.or.kr/api/total-is/21100039?y=2022,2026-10-08T20:38:43+09:00
H-KOSIN,2022,2022-03-01,2023-02-28,medical_expense,의료비용,300814254289,khidi_haspa,https://haspa.khidi.or.kr/api/total-is/21100039?y=2022,2026-10-08T20:38:43+09:00
H-KOSIN,2022,2022-03-01,2023-02-28,labor_cost,인건비,140876299049,khidi_haspa,https://haspa.khidi.or.kr/api/total-is/21100039?y=2022,2026-10-08T20:38:43+09:00
H-KOSIN,2022,2022-03-01,2023-02-28,material_cost,재료비,112681035946,khidi_haspa,https://haspa.khidi.or.kr/api/total-is/21100039?y=2022,2026-10-08T20:38:43+09:00
H-KOSIN,2022,2022-03-01,2023-02-28,drug_cost,약품비,66430016265,khidi_haspa,https://haspa.khidi.or.kr/api/total-is/21100039?y=2022,2026-10-08T20:38:43+09:00
H-KOSIN,2022,2022-03-01,2023-02-28,supply_cost,진료재료비,42862914446,khidi_haspa,https://haspa.khidi.or.kr/api/total-is/21100039?y=2022,2026-10-08T20:38:43+09:00
H-KOSIN,2022,2022-03-01,2023-02-28,admin_cost,관리운영비,47256919294,khidi_haspa,https://haspa.khidi.or.kr/api/total-is/21100039?y=2022,2026-10-08T20:38:43+09:00
H-KOSIN,2022,2022-03-01,2023-02-28,medical_profit,의료이익(손실),-316697711,khidi_haspa,https://haspa.khidi.or.kr/api/total-is/21100039?y=2022,2026-10-08T20:38:43+09:00
H-KOSIN,2022,2022-03-01,2023-02-28,non_medical_revenue,의료외수익,13202961364,khidi_haspa,https://haspa.khidi.or.kr/api/total-is/21100039?y=2022,2026-10-08T20:38:43+09:00
H-KOSIN,2022,2022-03-01,2023-02-28,non_medical_expense,의료외비용,16150427001,khidi_haspa,https://haspa.khidi.or.kr/api/total-is/21100039?y=2022,2026-10-08T20:38:43+09:00
H-KOSIN,2022,2022-03-01,2023-02-28,net_income,당기순이익,-2771658464,khidi_haspa,https://haspa.khidi.or.kr/api/total-is/21100039?y=2022,2026-10-08T20:38:43+09:00
H-KOSIN,2022,2022-03-01,2023-02-28,total_assets,자산총계,133212323584,khidi_haspa,https://haspa.khidi.or.kr/api/total-sfp/21100039?y=2022,2026-10-08T20:38:43+09:00
H-KOSIN,2022,2022-03-01,2023-02-28,total_liabilities,부채총계,146478823957,khidi_haspa,https://haspa.khidi.or.kr/api/total-sfp/21100039?y=2022,2026-10-08T20:38:43+09:00
H-KOSIN,2022,2022-03-01,2023-02-28,total_equity,자본총계,-13266500373,khidi_haspa,https://haspa.khidi.or.kr/api/total-sfp/21100039?y=2022,2026-10-08T20:38:43+09:00
H-KOSIN,2022,2022-03-01,2023-02-28,current_assets,유동자산,37507102761,khidi_haspa,https://haspa.khidi.or.kr/api/total-sfp/21100039?y=2022,2026-10-08T20:38:43+09:00
H-KOSIN,2022,2022-03-01,2023-02-28,current_liabilities,유동부채,111413168927,khidi_haspa,https://haspa.khidi.or.kr/api/total-sfp/21100039?y=2022,2026-10-08T20:38:43+09:00
H-KOSIN,2022,2022-03-01,2023-02-28,short_term_borrowings,단기차입금,0,khidi_haspa,https://haspa.khidi.or.kr/api/total-sfp/21100039?y=2022,2026-10-08T20:38:43+09:00
H-KOSIN,2022,2022-03-01,2023-02-28,employee_short_term_borrowings,임직원단기차입금,0,khidi_haspa,https://haspa.khidi.or.kr/api/total-sfp/21100039?y=2022,2026-10-08T20:38:43+09:00
H-KOSIN,2022,2022-03-01,2023-02-28,current_long_term_debt,유동성장기부채,8535768993,khidi_haspa,https://haspa.khidi.or.kr/api/total-sfp/21100039?y=2022,2026-10-08T20:38:43+09:00
H-KOSIN,2022,2022-03-01,2023-02-28,long_term_borrowings,장기차입금,2666600000,khidi_haspa,https://haspa.khidi.or.kr/api/total-sfp/21100039?y=2022,2026-10-08T20:38:43+09:00
H-KOSIN,2022,2022-03-01,2023-02-28,foreign_long_term_borrowings,외화장기차입금,0,khidi_haspa,https://haspa.khidi.or.kr/api/total-sfp/21100039?y=2022,2026-10-08T20:38:43+09:00
H-KOSIN,2023,2023-03-01,2024-02-29,medical_revenue,의료수익,304724355374,khidi_haspa,https://haspa.khidi.or.kr/api/total-is/21100039?y=2023,2026-10-08T20:38:54+09:00
H-KOSIN,2023,2023-03-01,2024-02-29,inpatient_revenue,입원수익,204895553445,khidi_haspa,https://haspa.khidi.or.kr/api/total-is/21100039?y=2023,2026-10-08T20:38:54+09:00
H-KOSIN,2023,2023-03-01,2024-02-29,outpatient_revenue,외래수익,91440825175,khidi_haspa,https://haspa.khidi.or.kr/api/total-is/21100039?y=2023,2026-10-08T20:38:54+09:00
H-KOSIN,2023,2023-03-01,2024-02-29,medical_expense,의료비용,308275836693,khidi_haspa,https://haspa.khidi.or.kr/api/total-is/21100039?y=2023,2026-10-08T20:38:54+09:00
H-KOSIN,2023,2023-03-01,2024-02-29,labor_cost,인건비,140991159584,khidi_haspa,https://haspa.khidi.or.kr/api/total-is/21100039?y=2023,2026-10-08T20:38:54+09:00
H-KOSIN,2023,2023-03-01,2024-02-29,material_cost,재료비,120975103837,khidi_haspa,https://haspa.khidi.or.kr/api/total-is/21100039?y=2023,2026-10-08T20:38:54+09:00
H-KOSIN,2023,2023-03-01,2024-02-29,drug_cost,약품비,73659197576,khidi_haspa,https://haspa.khidi.or.kr/api/total-is/21100039?y=2023,2026-10-08T20:38:54+09:00
H-KOSIN,2023,2023-03-01,2024-02-29,supply_cost,진료재료비,43897568159,khidi_haspa,https://haspa.khidi.or.kr/api/total-is/21100039?y=2023,2026-10-08T20:38:54+09:00
H-KOSIN,2023,2023-03-01,2024-02-29,admin_cost,관리운영비,46309573272,khidi_haspa,https://haspa.khidi.or.kr/api/total-is/21100039?y=2023,2026-10-08T20:38:54+09:00
H-KOSIN,2023,2023-03-01,2024-02-29,medical_profit,의료이익(손실),-3551481319,khidi_haspa,https://haspa.khidi.or.kr/api/total-is/21100039?y=2023,2026-10-08T20:38:54+09:00
H-KOSIN,2023,2023-03-01,2024-02-29,non_medical_revenue,의료외수익,6050564948,khidi_haspa,https://haspa.khidi.or.kr/api/total-is/21100039?y=2023,2026-10-08T20:38:54+09:00
H-KOSIN,2023,2023-03-01,2024-02-29,non_medical_expense,의료외비용,15961465319,khidi_haspa,https://haspa.khidi.or.kr/api/total-is/21100039?y=2023,2026-10-08T20:38:54+09:00
H-KOSIN,2023,2023-03-01,2024-02-29,net_income,당기순이익,-12969942806,khidi_haspa,https://haspa.khidi.or.kr/api/total-is/21100039?y=2023,2026-10-08T20:38:54+09:00
H-KOSIN,2023,2023-03-01,2024-02-29,total_assets,자산총계,123098705739,khidi_haspa,https://haspa.khidi.or.kr/api/total-sfp/21100039?y=2023,2026-10-08T20:38:54+09:00
H-KOSIN,2023,2023-03-01,2024-02-29,total_liabilities,부채총계,152329345918,khidi_haspa,https://haspa.khidi.or.kr/api/total-sfp/21100039?y=2023,2026-10-08T20:38:54+09:00
H-KOSIN,2023,2023-03-01,2024-02-29,total_equity,자본총계,-29230640179,khidi_haspa,https://haspa.khidi.or.kr/api/total-sfp/21100039?y=2023,2026-10-08T20:38:54+09:00
H-KOSIN,2023,2023-03-01,2024-02-29,current_assets,유동자산,36435131105,khidi_haspa,https://haspa.khidi.or.kr/api/total-sfp/21100039?y=2023,2026-10-08T20:38:54+09:00
H-KOSIN,2023,2023-03-01,2024-02-29,current_liabilities,유동부채,122427655665,khidi_haspa,https://haspa.khidi.or.kr/api/total-sfp/21100039?y=2023,2026-10-08T20:38:54+09:00
H-KOSIN,2023,2023-03-01,2024-02-29,short_term_borrowings,단기차입금,0,khidi_haspa,https://haspa.khidi.or.kr/api/total-sfp/21100039?y=2023,2026-10-08T20:38:54+09:00
H-KOSIN,2023,2023-03-01,2024-02-29,employee_short_term_borrowings,임직원단기차입금,0,khidi_haspa,https://haspa.khidi.or.kr/api/total-sfp/21100039?y=2023,2026-10-08T20:38:54+09:00
H-KOSIN,2023,2023-03-01,2024-02-29,current_long_term_debt,유동성장기부채,6494198432,khidi_haspa,https://haspa.khidi.or.kr/api/total-sfp/21100039?y=2023,2026-10-08T20:38:54+09:00
H-KOSIN,2023,2023-03-01,2024-02-29,long_term_borrowings,장기차입금,1066640000,khidi_haspa,https://haspa.khidi.or.kr/api/total-sfp/21100039?y=2023,2026-10-08T20:38:54+09:00
H-KOSIN,2023,2023-03-01,2024-02-29,foreign_long_term_borrowings,외화장기차입금,0,khidi_haspa,https://haspa.khidi.or.kr/api/total-sfp/21100039?y=2023,2026-10-08T20:38:54+09:00
H-KOSIN,2024,2024-03-01,2025-02-28,medical_revenue,의료수익,321962115900,khidi_haspa,https://haspa.khidi.or.kr/api/total-is/21100039?y=2024,2026-10-08T20:39:05+09:00
H-KOSIN,2024,2024-03-01,2025-02-28,inpatient_revenue,입원수익,219311244958,khidi_haspa,https://haspa.khidi.or.kr/api/total-is/21100039?y=2024,2026-10-08T20:39:05+09:00
H-KOSIN,2024,2024-03-01,2025-02-28,outpatient_revenue,외래수익,94514817611,khidi_haspa,https://haspa.khidi.or.kr/api/total-is/21100039?y=2024,2026-10-08T20:39:05+09:00
H-KOSIN,2024,2024-03-01,2025-02-28,medical_expense,의료비용,305683222657,khidi_haspa,https://haspa.khidi.or.kr/api/total-is/21100039?y=2024,2026-10-08T20:39:05+09:00
H-KOSIN,2024,2024-03-01,2025-02-28,labor_cost,인건비,137035122278,khidi_haspa,https://haspa.khidi.or.kr/api/total-is/21100039?y=2024,2026-10-08T20:39:05+09:00
H-KOSIN,2024,2024-03-01,2025-02-28,material_cost,재료비,124253206861,khidi_haspa,https://haspa.khidi.or.kr/api/total-is/21100039?y=2024,2026-10-08T20:39:05+09:00
H-KOSIN,2024,2024-03-01,2025-02-28,drug_cost,약품비,78782088907,khidi_haspa,https://haspa.khidi.or.kr/api/total-is/21100039?y=2024,2026-10-08T20:39:05+09:00
H-KOSIN,2024,2024-03-01,2025-02-28,supply_cost,진료재료비,42111628665,khidi_haspa,https://haspa.khidi.or.kr/api/total-is/21100039?y=2024,2026-10-08T20:39:05+09:00
H-KOSIN,2024,2024-03-01,2025-02-28,admin_cost,관리운영비,44394893518,khidi_haspa,https://haspa.khidi.or.kr/api/total-is/21100039?y=2024,2026-10-08T20:39:05+09:00
H-KOSIN,2024,2024-03-01,2025-02-28,medical_profit,의료이익(손실),16278893243,khidi_haspa,https://haspa.khidi.or.kr/api/total-is/21100039?y=2024,2026-10-08T20:39:05+09:00
H-KOSIN,2024,2024-03-01,2025-02-28,non_medical_revenue,의료외수익,19376677247,khidi_haspa,https://haspa.khidi.or.kr/api/total-is/21100039?y=2024,2026-10-08T20:39:05+09:00
H-KOSIN,2024,2024-03-01,2025-02-28,non_medical_expense,의료외비용,22308959433,khidi_haspa,https://haspa.khidi.or.kr/api/total-is/21100039?y=2024,2026-10-08T20:39:05+09:00
H-KOSIN,2024,2024-03-01,2025-02-28,net_income,당기순이익,661776982,khidi_haspa,https://haspa.khidi.or.kr/api/total-is/21100039?y=2024,2026-10-08T20:39:05+09:00
H-KOSIN,2024,2024-03-01,2025-02-28,total_assets,자산총계,143191899678,khidi_haspa,https://haspa.khidi.or.kr/api/total-sfp/21100039?y=2024,2026-10-08T20:39:05+09:00
H-KOSIN,2024,2024-03-01,2025-02-28,total_liabilities,부채총계,171851908875,khidi_haspa,https://haspa.khidi.or.kr/api/total-sfp/21100039?y=2024,2026-10-08T20:39:05+09:00
H-KOSIN,2024,2024-03-01,2025-02-28,total_equity,자본총계,-28660009197,khidi_haspa,https://haspa.khidi.or.kr/api/total-sfp/21100039?y=2024,2026-10-08T20:39:05+09:00
H-KOSIN,2024,2024-03-01,2025-02-28,current_assets,유동자산,60203820401,khidi_haspa,https://haspa.khidi.or.kr/api/total-sfp/21100039?y=2024,2026-10-08T20:39:05+09:00
H-KOSIN,2024,2024-03-01,2025-02-28,current_liabilities,유동부채,136515790889,khidi_haspa,https://haspa.khidi.or.kr/api/total-sfp/21100039?y=2024,2026-10-08T20:39:05+09:00
H-KOSIN,2024,2024-03-01,2025-02-28,short_term_borrowings,단기차입금,0,khidi_haspa,https://haspa.khidi.or.kr/api/total-sfp/21100039?y=2024,2026-10-08T20:39:05+09:00
H-KOSIN,2024,2024-03-01,2025-02-28,employee_short_term_borrowings,임직원단기차입금,0,khidi_haspa,https://haspa.khidi.or.kr/api/total-sfp/21100039?y=2024,2026-10-08T20:39:05+09:00
H-KOSIN,2024,2024-03-01,2025-02-28,current_long_term_debt,유동성장기부채,4426735882,khidi_haspa,https://haspa.khidi.or.kr/api/total-sfp/21100039?y=2024,2026-10-08T20:39:05+09:00
H-KOSIN,2024,2024-03-01,2025-02-28,long_term_borrowings,장기차입금,0,khidi_haspa,https://haspa.khidi.or.kr/api/total-sfp/21100039?y=2024,2026-10-08T20:39:05+09:00
H-KOSIN,2024,2024-03-01,2025-02-28,foreign_long_term_borrowings,외화장기차입금,0,khidi_haspa,https://haspa.khidi.or.kr/api/total-sfp/21100039?y=2024,2026-10-08T20:39:05+09:00
H-PNUH,2016,2016-01-01,2016-12-31,medical_revenue,의료수익,347743973304,khidi_haspa,https://haspa.khidi.or.kr/api/total-is/21100021?y=2016,2026-10-08T20:32:53+09:00
H-PNUH,2016,2016-01-01,2016-12-31,inpatient_revenue,입원수익,237982483126,khidi_haspa,https://haspa.khidi.or.kr/api/total-is/21100021?y=2016,2026-10-08T20:32:53+09:00
H-PNUH,2016,2016-01-01,2016-12-31,outpatient_revenue,외래수익,103381490468,khidi_haspa,https://haspa.khidi.or.kr/api/total-is/21100021?y=2016,2026-10-08T20:32:53+09:00
H-PNUH,2016,2016-01-01,2016-12-31,medical_expense,의료비용,371653925652,khidi_haspa,https://haspa.khidi.or.kr/api/total-is/21100021?y=2016,2026-10-08T20:32:53+09:00
H-PNUH,2016,2016-01-01,2016-12-31,labor_cost,인건비,170213364053,khidi_haspa,https://haspa.khidi.or.kr/api/total-is/21100021?y=2016,2026-10-08T20:32:53+09:00
H-PNUH,2016,2016-01-01,2016-12-31,material_cost,재료비,116102572406,khidi_haspa,https://haspa.khidi.or.kr/api/total-is/21100021?y=2016,2026-10-08T20:32:53+09:00
H-PNUH,2016,2016-01-01,2016-12-31,drug_cost,약품비,54530843150,khidi_haspa,https://haspa.khidi.or.kr/api/total-is/21100021?y=2016,2026-10-08T20:32:53+09:00
H-PNUH,2016,2016-01-01,2016-12-31,supply_cost,진료재료비,61571729256,khidi_haspa,https://haspa.khidi.or.kr/api/total-is/21100021?y=2016,2026-10-08T20:32:53+09:00
H-PNUH,2016,2016-01-01,2016-12-31,admin_cost,관리운영비,85337989193,khidi_haspa,https://haspa.khidi.or.kr/api/total-is/21100021?y=2016,2026-10-08T20:32:53+09:00
H-PNUH,2016,2016-01-01,2016-12-31,medical_profit,의료이익(손실),-23909952348,khidi_haspa,https://haspa.khidi.or.kr/api/total-is/21100021?y=2016,2026-10-08T20:32:53+09:00
H-PNUH,2016,2016-01-01,2016-12-31,non_medical_revenue,의료외수익,18099428452,khidi_haspa,https://haspa.khidi.or.kr/api/total-is/21100021?y=2016,2026-10-08T20:32:53+09:00
H-PNUH,2016,2016-01-01,2016-12-31,non_medical_expense,의료외비용,14524301677,khidi_haspa,https://haspa.khidi.or.kr/api/total-is/21100021?y=2016,2026-10-08T20:32:53+09:00
H-PNUH,2016,2016-01-01,2016-12-31,net_income,당기순이익,-21842863518,khidi_haspa,https://haspa.khidi.or.kr/api/total-is/21100021?y=2016,2026-10-08T20:32:53+09:00
H-PNUH,2016,2016-01-01,2016-12-31,total_assets,자산총계,360407828899,khidi_haspa,https://haspa.khidi.or.kr/api/total-sfp/21100021?y=2016,2026-10-08T20:32:53+09:00
H-PNUH,2016,2016-01-01,2016-12-31,total_liabilities,부채총계,311669601917,khidi_haspa,https://haspa.khidi.or.kr/api/total-sfp/21100021?y=2016,2026-10-08T20:32:53+09:00
H-PNUH,2016,2016-01-01,2016-12-31,total_equity,자본총계,48738226982,khidi_haspa,https://haspa.khidi.or.kr/api/total-sfp/21100021?y=2016,2026-10-08T20:32:53+09:00
H-PNUH,2016,2016-01-01,2016-12-31,current_assets,유동자산,128656406804,khidi_haspa,https://haspa.khidi.or.kr/api/total-sfp/21100021?y=2016,2026-10-08T20:32:53+09:00
H-PNUH,2016,2016-01-01,2016-12-31,current_liabilities,유동부채,91150712846,khidi_haspa,https://haspa.khidi.or.kr/api/total-sfp/21100021?y=2016,2026-10-08T20:32:53+09:00
H-PNUH,2016,2016-01-01,2016-12-31,short_term_borrowings,단기차입금,0,khidi_haspa,https://haspa.khidi.or.kr/api/total-sfp/21100021?y=2016,2026-10-08T20:32:53+09:00
H-PNUH,2016,2016-01-01,2016-12-31,employee_short_term_borrowings,임직원단기차입금,0,khidi_haspa,https://haspa.khidi.or.kr/api/total-sfp/21100021?y=2016,2026-10-08T20:32:53+09:00
H-PNUH,2016,2016-01-01,2016-12-31,current_long_term_debt,유동성장기부채,9125232233,khidi_haspa,https://haspa.khidi.or.kr/api/total-sfp/21100021?y=2016,2026-10-08T20:32:53+09:00
H-PNUH,2016,2016-01-01,2016-12-31,long_term_borrowings,장기차입금,108895013161,khidi_haspa,https://haspa.khidi.or.kr/api/total-sfp/21100021?y=2016,2026-10-08T20:32:53+09:00
H-PNUH,2016,2016-01-01,2016-12-31,foreign_long_term_borrowings,외화장기차입금,0,khidi_haspa,https://haspa.khidi.or.kr/api/total-sfp/21100021?y=2016,2026-10-08T20:32:53+09:00
H-PNUH,2017,2017-01-01,2017-12-31,medical_revenue,의료수익,377461581197,khidi_haspa,https://haspa.khidi.or.kr/api/total-is/21100021?y=2017,2026-10-08T20:33:03+09:00
H-PNUH,2017,2017-01-01,2017-12-31,inpatient_revenue,입원수익,250426112475,khidi_haspa,https://haspa.khidi.or.kr/api/total-is/21100021?y=2017,2026-10-08T20:33:03+09:00
H-PNUH,2017,2017-01-01,2017-12-31,outpatient_revenue,외래수익,119745661368,khidi_haspa,https://haspa.khidi.or.kr/api/total-is/21100021?y=2017,2026-10-08T20:33:03+09:00
H-PNUH,2017,2017-01-01,2017-12-31,medical_expense,의료비용,385812543374,khidi_haspa,https://haspa.khidi.or.kr/api/total-is/21100021?y=2017,2026-10-08T20:33:03+09:00
H-PNUH,2017,2017-01-01,2017-12-31,labor_cost,인건비,181100156143,khidi_haspa,https://haspa.khidi.or.kr/api/total-is/21100021?y=2017,2026-10-08T20:33:03+09:00
H-PNUH,2017,2017-01-01,2017-12-31,material_cost,재료비,123953259393,khidi_haspa,https://haspa.khidi.or.kr/api/total-is/21100021?y=2017,2026-10-08T20:33:03+09:00
H-PNUH,2017,2017-01-01,2017-12-31,drug_cost,약품비,56378317346,khidi_haspa,https://haspa.khidi.or.kr/api/total-is/21100021?y=2017,2026-10-08T20:33:03+09:00
H-PNUH,2017,2017-01-01,2017-12-31,supply_cost,진료재료비,67574942047,khidi_haspa,https://haspa.khidi.or.kr/api/total-is/21100021?y=2017,2026-10-08T20:33:03+09:00
H-PNUH,2017,2017-01-01,2017-12-31,admin_cost,관리운영비,80759127838,khidi_haspa,https://haspa.khidi.or.kr/api/total-is/21100021?y=2017,2026-10-08T20:33:03+09:00
H-PNUH,2017,2017-01-01,2017-12-31,medical_profit,의료이익(손실),-8350962177,khidi_haspa,https://haspa.khidi.or.kr/api/total-is/21100021?y=2017,2026-10-08T20:33:03+09:00
H-PNUH,2017,2017-01-01,2017-12-31,non_medical_revenue,의료외수익,26307594708,khidi_haspa,https://haspa.khidi.or.kr/api/total-is/21100021?y=2017,2026-10-08T20:33:03+09:00
H-PNUH,2017,2017-01-01,2017-12-31,non_medical_expense,의료외비용,20934187197,khidi_haspa,https://haspa.khidi.or.kr/api/total-is/21100021?y=2017,2026-10-08T20:33:03+09:00
H-PNUH,2017,2017-01-01,2017-12-31,net_income,당기순이익,-2954206381,khidi_haspa,https://haspa.khidi.or.kr/api/total-is/21100021?y=2017,2026-10-08T20:33:03+09:00
H-PNUH,2017,2017-01-01,2017-12-31,total_assets,자산총계,344211532955,khidi_haspa,https://haspa.khidi.or.kr/api/total-sfp/21100021?y=2017,2026-10-08T20:33:03+09:00
H-PNUH,2017,2017-01-01,2017-12-31,total_liabilities,부채총계,298427512354,khidi_haspa,https://haspa.khidi.or.kr/api/total-sfp/21100021?y=2017,2026-10-08T20:33:03+09:00
H-PNUH,2017,2017-01-01,2017-12-31,total_equity,자본총계,45784020601,khidi_haspa,https://haspa.khidi.or.kr/api/total-sfp/21100021?y=2017,2026-10-08T20:33:03+09:00
H-PNUH,2017,2017-01-01,2017-12-31,current_assets,유동자산,126384573642,khidi_haspa,https://haspa.khidi.or.kr/api/total-sfp/21100021?y=2017,2026-10-08T20:33:03+09:00
H-PNUH,2017,2017-01-01,2017-12-31,current_liabilities,유동부채,99191155490,khidi_haspa,https://haspa.khidi.or.kr/api/total-sfp/21100021?y=2017,2026-10-08T20:33:03+09:00
H-PNUH,2017,2017-01-01,2017-12-31,short_term_borrowings,단기차입금,0,khidi_haspa,https://haspa.khidi.or.kr/api/total-sfp/21100021?y=2017,2026-10-08T20:33:03+09:00
H-PNUH,2017,2017-01-01,2017-12-31,employee_short_term_borrowings,임직원단기차입금,0,khidi_haspa,https://haspa.khidi.or.kr/api/total-sfp/21100021?y=2017,2026-10-08T20:33:03+09:00
H-PNUH,2017,2017-01-01,2017-12-31,current_long_term_debt,유동성장기부채,13444318398,khidi_haspa,https://haspa.khidi.or.kr/api/total-sfp/21100021?y=2017,2026-10-08T20:33:03+09:00
H-PNUH,2017,2017-01-01,2017-12-31,long_term_borrowings,장기차입금,88116563161,khidi_haspa,https://haspa.khidi.or.kr/api/total-sfp/21100021?y=2017,2026-10-08T20:33:03+09:00
H-PNUH,2017,2017-01-01,2017-12-31,foreign_long_term_borrowings,외화장기차입금,0,khidi_haspa,https://haspa.khidi.or.kr/api/total-sfp/21100021?y=2017,2026-10-08T20:33:03+09:00
H-PNUH,2018,2018-01-01,2018-12-31,medical_revenue,의료수익,397484600442,khidi_haspa,https://haspa.khidi.or.kr/api/total-is/21100021?y=2018,2026-10-08T20:33:14+09:00
H-PNUH,2018,2018-01-01,2018-12-31,inpatient_revenue,입원수익,266305357270,khidi_haspa,https://haspa.khidi.or.kr/api/total-is/21100021?y=2018,2026-10-08T20:33:14+09:00
H-PNUH,2018,2018-01-01,2018-12-31,outpatient_revenue,외래수익,124384422246,khidi_haspa,https://haspa.khidi.or.kr/api/total-is/21100021?y=2018,2026-10-08T20:33:14+09:00
H-PNUH,2018,2018-01-01,2018-12-31,medical_expense,의료비용,396291305674,khidi_haspa,https://haspa.khidi.or.kr/api/total-is/21100021?y=2018,2026-10-08T20:33:14+09:00
H-PNUH,2018,2018-01-01,2018-12-31,labor_cost,인건비,194345961458,khidi_haspa,https://haspa.khidi.or.kr/api/total-is/21100021?y=2018,2026-10-08T20:33:14+09:00
H-PNUH,2018,2018-01-01,2018-12-31,material_cost,재료비,128280148577,khidi_haspa,https://haspa.khidi.or.kr/api/total-is/21100021?y=2018,2026-10-08T20:33:14+09:00
H-PNUH,2018,2018-01-01,2018-12-31,drug_cost,약품비,58402399499,khidi_haspa,https://haspa.khidi.or.kr/api/total-is/21100021?y=2018,2026-10-08T20:33:14+09:00
H-PNUH,2018,2018-01-01,2018-12-31,supply_cost,진료재료비,69877749078,khidi_haspa,https://haspa.khidi.or.kr/api/total-is/21100021?y=2018,2026-10-08T20:33:14+09:00
H-PNUH,2018,2018-01-01,2018-12-31,admin_cost,관리운영비,73665195639,khidi_haspa,https://haspa.khidi.or.kr/api/total-is/21100021?y=2018,2026-10-08T20:33:14+09:00
H-PNUH,2018,2018-01-01,2018-12-31,medical_profit,의료이익(손실),1193294768,khidi_haspa,https://haspa.khidi.or.kr/api/total-is/21100021?y=2018,2026-10-08T20:33:14+09:00
H-PNUH,2018,2018-01-01,2018-12-31,non_medical_revenue,의료외수익,25466884905,khidi_haspa,https://haspa.khidi.or.kr/api/total-is/21100021?y=2018,2026-10-08T20:33:14+09:00
H-PNUH,2018,2018-01-01,2018-12-31,non_medical_expense,의료외비용,22305212819,khidi_haspa,https://haspa.khidi.or.kr/api/total-is/21100021?y=2018,2026-10-08T20:33:14+09:00
H-PNUH,2018,2018-01-01,2018-12-31,net_income,당기순이익,4354784874,khidi_haspa,https://haspa.khidi.or.kr/api/total-is/21100021?y=2018,2026-10-08T20:33:14+09:00
H-PNUH,2018,2018-01-01,2018-12-31,total_assets,자산총계,352083940213,khidi_haspa,https://haspa.khidi.or.kr/api/total-sfp/21100021?y=2018,2026-10-08T20:33:14+09:00
H-PNUH,2018,2018-01-01,2018-12-31,total_liabilities,부채총계,301945134738,khidi_haspa,https://haspa.khidi.or.kr/api/total-sfp/21100021?y=2018,2026-10-08T20:33:14+09:00
H-PNUH,2018,2018-01-01,2018-12-31,total_equity,자본총계,50138805475,khidi_haspa,https://haspa.khidi.or.kr/api/total-sfp/21100021?y=2018,2026-10-08T20:33:14+09:00
H-PNUH,2018,2018-01-01,2018-12-31,current_assets,유동자산,139147841639,khidi_haspa,https://haspa.khidi.or.kr/api/total-sfp/21100021?y=2018,2026-10-08T20:33:14+09:00
H-PNUH,2018,2018-01-01,2018-12-31,current_liabilities,유동부채,99138418046,khidi_haspa,https://haspa.khidi.or.kr/api/total-sfp/21100021?y=2018,2026-10-08T20:33:14+09:00
H-PNUH,2018,2018-01-01,2018-12-31,short_term_borrowings,단기차입금,0,khidi_haspa,https://haspa.khidi.or.kr/api/total-sfp/21100021?y=2018,2026-10-08T20:33:14+09:00
H-PNUH,2018,2018-01-01,2018-12-31,employee_short_term_borrowings,임직원단기차입금,0,khidi_haspa,https://haspa.khidi.or.kr/api/total-sfp/21100021?y=2018,2026-10-08T20:33:14+09:00
H-PNUH,2018,2018-01-01,2018-12-31,current_long_term_debt,유동성장기부채,12405767680,khidi_haspa,https://haspa.khidi.or.kr/api/total-sfp/21100021?y=2018,2026-10-08T20:33:14+09:00
H-PNUH,2018,2018-01-01,2018-12-31,long_term_borrowings,장기차입금,88116563161,khidi_haspa,https://haspa.khidi.or.kr/api/total-sfp/21100021?y=2018,2026-10-08T20:33:14+09:00
H-PNUH,2018,2018-01-01,2018-12-31,foreign_long_term_borrowings,외화장기차입금,0,khidi_haspa,https://haspa.khidi.or.kr/api/total-sfp/21100021?y=2018,2026-10-08T20:33:14+09:00
H-PNUH,2019,2019-01-01,2019-12-31,medical_revenue,의료수익,434244837587,khidi_haspa,https://haspa.khidi.or.kr/api/total-is/21100021?y=2019,2026-10-08T20:33:25+09:00
H-PNUH,2019,2019-01-01,2019-12-31,inpatient_revenue,입원수익,289272620691,khidi_haspa,https://haspa.khidi.or.kr/api/total-is/21100021?y=2019,2026-10-08T20:33:25+09:00
H-PNUH,2019,2019-01-01,2019-12-31,outpatient_revenue,외래수익,137747836179,khidi_haspa,https://haspa.khidi.or.kr/api/total-is/21100021?y=2019,2026-10-08T20:33:25+09:00
H-PNUH,2019,2019-01-01,2019-12-31,medical_expense,의료비용,429920124788,khidi_haspa,https://haspa.khidi.or.kr/api/total-is/21100021?y=2019,2026-10-08T20:33:25+09:00
H-PNUH,2019,2019-01-01,2019-12-31,labor_cost,인건비,208178901895,khidi_haspa,https://haspa.khidi.or.kr/api/total-is/21100021?y=2019,2026-10-08T20:33:25+09:00
H-PNUH,2019,2019-01-01,2019-12-31,material_cost,재료비,142423718090,khidi_haspa,https://haspa.khidi.or.kr/api/total-is/21100021?y=2019,2026-10-08T20:33:25+09:00
H-PNUH,2019,2019-01-01,2019-12-31,drug_cost,약품비,65910852287,khidi_haspa,https://haspa.khidi.or.kr/api/total-is/21100021?y=2019,2026-10-08T20:33:25+09:00
H-PNUH,2019,2019-01-01,2019-12-31,supply_cost,진료재료비,76512865803,khidi_haspa,https://haspa.khidi.or.kr/api/total-is/21100021?y=2019,2026-10-08T20:33:25+09:00
H-PNUH,2019,2019-01-01,2019-12-31,admin_cost,관리운영비,79317504803,khidi_haspa,https://haspa.khidi.or.kr/api/total-is/21100021?y=2019,2026-10-08T20:33:25+09:00
H-PNUH,2019,2019-01-01,2019-12-31,medical_profit,의료이익(손실),4324712799,khidi_haspa,https://haspa.khidi.or.kr/api/total-is/21100021?y=2019,2026-10-08T20:33:25+09:00
H-PNUH,2019,2019-01-01,2019-12-31,non_medical_revenue,의료외수익,34748196478,khidi_haspa,https://haspa.khidi.or.kr/api/total-is/21100021?y=2019,2026-10-08T20:33:25+09:00
H-PNUH,2019,2019-01-01,2019-12-31,non_medical_expense,의료외비용,33535454846,khidi_haspa,https://haspa.khidi.or.kr/api/total-is/21100021?y=2019,2026-10-08T20:33:25+09:00
H-PNUH,2019,2019-01-01,2019-12-31,net_income,당기순이익,5537063618,khidi_haspa,https://haspa.khidi.or.kr/api/total-is/21100021?y=2019,2026-10-08T20:33:25+09:00
H-PNUH,2019,2019-01-01,2019-12-31,total_assets,자산총계,367539679154,khidi_haspa,https://haspa.khidi.or.kr/api/total-sfp/21100021?y=2019,2026-10-08T20:33:25+09:00
H-PNUH,2019,2019-01-01,2019-12-31,total_liabilities,부채총계,311863810061,khidi_haspa,https://haspa.khidi.or.kr/api/total-sfp/21100021?y=2019,2026-10-08T20:33:25+09:00
H-PNUH,2019,2019-01-01,2019-12-31,total_equity,자본총계,55675869093,khidi_haspa,https://haspa.khidi.or.kr/api/total-sfp/21100021?y=2019,2026-10-08T20:33:25+09:00
H-PNUH,2019,2019-01-01,2019-12-31,current_assets,유동자산,146780751979,khidi_haspa,https://haspa.khidi.or.kr/api/total-sfp/21100021?y=2019,2026-10-08T20:33:25+09:00
H-PNUH,2019,2019-01-01,2019-12-31,current_liabilities,유동부채,103844344479,khidi_haspa,https://haspa.khidi.or.kr/api/total-sfp/21100021?y=2019,2026-10-08T20:33:25+09:00
H-PNUH,2019,2019-01-01,2019-12-31,short_term_borrowings,단기차입금,0,khidi_haspa,https://haspa.khidi.or.kr/api/total-sfp/21100021?y=2019,2026-10-08T20:33:25+09:00
H-PNUH,2019,2019-01-01,2019-12-31,employee_short_term_borrowings,임직원단기차입금,0,khidi_haspa,https://haspa.khidi.or.kr/api/total-sfp/21100021?y=2019,2026-10-08T20:33:25+09:00
H-PNUH,2019,2019-01-01,2019-12-31,current_long_term_debt,유동성장기부채,9969890196,khidi_haspa,https://haspa.khidi.or.kr/api/total-sfp/21100021?y=2019,2026-10-08T20:33:25+09:00
H-PNUH,2019,2019-01-01,2019-12-31,long_term_borrowings,장기차입금,84641526193,khidi_haspa,https://haspa.khidi.or.kr/api/total-sfp/21100021?y=2019,2026-10-08T20:33:25+09:00
H-PNUH,2019,2019-01-01,2019-12-31,foreign_long_term_borrowings,외화장기차입금,0,khidi_haspa,https://haspa.khidi.or.kr/api/total-sfp/21100021?y=2019,2026-10-08T20:33:25+09:00
H-PNUH,2020,2020-01-01,2020-12-31,medical_revenue,의료수익,430968883975,khidi_haspa,https://haspa.khidi.or.kr/api/total-is/21100021?y=2020,2026-10-08T20:33:36+09:00
H-PNUH,2020,2020-01-01,2020-12-31,inpatient_revenue,입원수익,287516485592,khidi_haspa,https://haspa.khidi.or.kr/api/total-is/21100021?y=2020,2026-10-08T20:33:36+09:00
H-PNUH,2020,2020-01-01,2020-12-31,outpatient_revenue,외래수익,137107064759,khidi_haspa,https://haspa.khidi.or.kr/api/total-is/21100021?y=2020,2026-10-08T20:33:36+09:00
H-PNUH,2020,2020-01-01,2020-12-31,medical_expense,의료비용,446949330139,khidi_haspa,https://haspa.khidi.or.kr/api/total-is/21100021?y=2020,2026-10-08T20:33:36+09:00
H-PNUH,2020,2020-01-01,2020-12-31,labor_cost,인건비,226584893711,khidi_haspa,https://haspa.khidi.or.kr/api/total-is/21100021?y=2020,2026-10-08T20:33:36+09:00
H-PNUH,2020,2020-01-01,2020-12-31,material_cost,재료비,141517791387,khidi_haspa,https://haspa.khidi.or.kr/api/total-is/21100021?y=2020,2026-10-08T20:33:36+09:00
H-PNUH,2020,2020-01-01,2020-12-31,drug_cost,약품비,63159867120,khidi_haspa,https://haspa.khidi.or.kr/api/total-is/21100021?y=2020,2026-10-08T20:33:36+09:00
H-PNUH,2020,2020-01-01,2020-12-31,supply_cost,진료재료비,78357924267,khidi_haspa,https://haspa.khidi.or.kr/api/total-is/21100021?y=2020,2026-10-08T20:33:36+09:00
H-PNUH,2020,2020-01-01,2020-12-31,admin_cost,관리운영비,78846645041,khidi_haspa,https://haspa.khidi.or.kr/api/total-is/21100021?y=2020,2026-10-08T20:33:36+09:00
H-PNUH,2020,2020-01-01,2020-12-31,medical_profit,의료이익(손실),-15980446164,khidi_haspa,https://haspa.khidi.or.kr/api/total-is/21100021?y=2020,2026-10-08T20:33:36+09:00
H-PNUH,2020,2020-01-01,2020-12-31,non_medical_revenue,의료외수익,40343316321,khidi_haspa,https://haspa.khidi.or.kr/api/total-is/21100021?y=2020,2026-10-08T20:33:36+09:00
H-PNUH,2020,2020-01-01,2020-12-31,non_medical_expense,의료외비용,28179744622,khidi_haspa,https://haspa.khidi.or.kr/api/total-is/21100021?y=2020,2026-10-08T20:33:36+09:00
H-PNUH,2020,2020-01-01,2020-12-31,net_income,당기순이익,-3816874465,khidi_haspa,https://haspa.khidi.or.kr/api/total-is/21100021?y=2020,2026-10-08T20:33:36+09:00
H-PNUH,2020,2020-01-01,2020-12-31,total_assets,자산총계,355451526073,khidi_haspa,https://haspa.khidi.or.kr/api/total-sfp/21100021?y=2020,2026-10-08T20:33:36+09:00
H-PNUH,2020,2020-01-01,2020-12-31,total_liabilities,부채총계,303592531445,khidi_haspa,https://haspa.khidi.or.kr/api/total-sfp/21100021?y=2020,2026-10-08T20:33:36+09:00
H-PNUH,2020,2020-01-01,2020-12-31,total_equity,자본총계,51858994628,khidi_haspa,https://haspa.khidi.or.kr/api/total-sfp/21100021?y=2020,2026-10-08T20:33:36+09:00
H-PNUH,2020,2020-01-01,2020-12-31,current_assets,유동자산,140285495153,khidi_haspa,https://haspa.khidi.or.kr/api/total-sfp/21100021?y=2020,2026-10-08T20:33:36+09:00
H-PNUH,2020,2020-01-01,2020-12-31,current_liabilities,유동부채,101884620796,khidi_haspa,https://haspa.khidi.or.kr/api/total-sfp/21100021?y=2020,2026-10-08T20:33:36+09:00
H-PNUH,2020,2020-01-01,2020-12-31,short_term_borrowings,단기차입금,0,khidi_haspa,https://haspa.khidi.or.kr/api/total-sfp/21100021?y=2020,2026-10-08T20:33:36+09:00
H-PNUH,2020,2020-01-01,2020-12-31,employee_short_term_borrowings,임직원단기차입금,0,khidi_haspa,https://haspa.khidi.or.kr/api/total-sfp/21100021?y=2020,2026-10-08T20:33:36+09:00
H-PNUH,2020,2020-01-01,2020-12-31,current_long_term_debt,유동성장기부채,16827409747,khidi_haspa,https://haspa.khidi.or.kr/api/total-sfp/21100021?y=2020,2026-10-08T20:33:36+09:00
H-PNUH,2020,2020-01-01,2020-12-31,long_term_borrowings,장기차입금,75995239881,khidi_haspa,https://haspa.khidi.or.kr/api/total-sfp/21100021?y=2020,2026-10-08T20:33:36+09:00
H-PNUH,2020,2020-01-01,2020-12-31,foreign_long_term_borrowings,외화장기차입금,0,khidi_haspa,https://haspa.khidi.or.kr/api/total-sfp/21100021?y=2020,2026-10-08T20:33:36+09:00
H-PNUH,2021,2021-01-01,2021-12-31,medical_revenue,의료수익,458529805221,khidi_haspa,https://haspa.khidi.or.kr/api/total-is/21100021?y=2021,2026-10-08T20:33:46+09:00
H-PNUH,2021,2021-01-01,2021-12-31,inpatient_revenue,입원수익,300626652040,khidi_haspa,https://haspa.khidi.or.kr/api/total-is/21100021?y=2021,2026-10-08T20:33:46+09:00
H-PNUH,2021,2021-01-01,2021-12-31,outpatient_revenue,외래수익,151481521993,khidi_haspa,https://haspa.khidi.or.kr/api/total-is/21100021?y=2021,2026-10-08T20:33:46+09:00
H-PNUH,2021,2021-01-01,2021-12-31,medical_expense,의료비용,482904433020,khidi_haspa,https://haspa.khidi.or.kr/api/total-is/21100021?y=2021,2026-10-08T20:33:46+09:00
H-PNUH,2021,2021-01-01,2021-12-31,labor_cost,인건비,247711879245,khidi_haspa,https://haspa.khidi.or.kr/api/total-is/21100021?y=2021,2026-10-08T20:33:46+09:00
H-PNUH,2021,2021-01-01,2021-12-31,material_cost,재료비,150674237893,khidi_haspa,https://haspa.khidi.or.kr/api/total-is/21100021?y=2021,2026-10-08T20:33:46+09:00
H-PNUH,2021,2021-01-01,2021-12-31,drug_cost,약품비,68083783200,khidi_haspa,https://haspa.khidi.or.kr/api/total-is/21100021?y=2021,2026-10-08T20:33:46+09:00
H-PNUH,2021,2021-01-01,2021-12-31,supply_cost,진료재료비,82590454693,khidi_haspa,https://haspa.khidi.or.kr/api/total-is/21100021?y=2021,2026-10-08T20:33:46+09:00
H-PNUH,2021,2021-01-01,2021-12-31,admin_cost,관리운영비,84518315882,khidi_haspa,https://haspa.khidi.or.kr/api/total-is/21100021?y=2021,2026-10-08T20:33:46+09:00
H-PNUH,2021,2021-01-01,2021-12-31,medical_profit,의료이익(손실),-24374627799,khidi_haspa,https://haspa.khidi.or.kr/api/total-is/21100021?y=2021,2026-10-08T20:33:46+09:00
H-PNUH,2021,2021-01-01,2021-12-31,non_medical_revenue,의료외수익,76430051642,khidi_haspa,https://haspa.khidi.or.kr/api/total-is/21100021?y=2021,2026-10-08T20:33:46+09:00
H-PNUH,2021,2021-01-01,2021-12-31,non_medical_expense,의료외비용,26528358607,khidi_haspa,https://haspa.khidi.or.kr/api/total-is/21100021?y=2021,2026-10-08T20:33:46+09:00
H-PNUH,2021,2021-01-01,2021-12-31,net_income,당기순이익,25527065236,khidi_haspa,https://haspa.khidi.or.kr/api/total-is/21100021?y=2021,2026-10-08T20:33:46+09:00
H-PNUH,2021,2021-01-01,2021-12-31,total_assets,자산총계,388370282832,khidi_haspa,https://haspa.khidi.or.kr/api/total-sfp/21100021?y=2021,2026-10-08T20:33:46+09:00
H-PNUH,2021,2021-01-01,2021-12-31,total_liabilities,부채총계,310984222968,khidi_haspa,https://haspa.khidi.or.kr/api/total-sfp/21100021?y=2021,2026-10-08T20:33:46+09:00
H-PNUH,2021,2021-01-01,2021-12-31,total_equity,자본총계,77386059864,khidi_haspa,https://haspa.khidi.or.kr/api/total-sfp/21100021?y=2021,2026-10-08T20:33:46+09:00
H-PNUH,2021,2021-01-01,2021-12-31,current_assets,유동자산,174293756469,khidi_haspa,https://haspa.khidi.or.kr/api/total-sfp/21100021?y=2021,2026-10-08T20:33:46+09:00
H-PNUH,2021,2021-01-01,2021-12-31,current_liabilities,유동부채,108916609094,khidi_haspa,https://haspa.khidi.or.kr/api/total-sfp/21100021?y=2021,2026-10-08T20:33:46+09:00
H-PNUH,2021,2021-01-01,2021-12-31,short_term_borrowings,단기차입금,0,khidi_haspa,https://haspa.khidi.or.kr/api/total-sfp/21100021?y=2021,2026-10-08T20:33:46+09:00
H-PNUH,2021,2021-01-01,2021-12-31,employee_short_term_borrowings,임직원단기차입금,0,khidi_haspa,https://haspa.khidi.or.kr/api/total-sfp/21100021?y=2021,2026-10-08T20:33:46+09:00
H-PNUH,2021,2021-01-01,2021-12-31,current_long_term_debt,유동성장기부채,18716174740,khidi_haspa,https://haspa.khidi.or.kr/api/total-sfp/21100021?y=2021,2026-10-08T20:33:46+09:00
H-PNUH,2021,2021-01-01,2021-12-31,long_term_borrowings,장기차입금,67228815765,khidi_haspa,https://haspa.khidi.or.kr/api/total-sfp/21100021?y=2021,2026-10-08T20:33:46+09:00
H-PNUH,2021,2021-01-01,2021-12-31,foreign_long_term_borrowings,외화장기차입금,0,khidi_haspa,https://haspa.khidi.or.kr/api/total-sfp/21100021?y=2021,2026-10-08T20:33:46+09:00
H-PNUH,2022,2022-01-01,2022-12-31,medical_revenue,의료수익,472796452675,khidi_haspa,https://haspa.khidi.or.kr/api/total-is/21100021?y=2022,2026-10-08T20:33:57+09:00
H-PNUH,2022,2022-01-01,2022-12-31,inpatient_revenue,입원수익,303986834496,khidi_haspa,https://haspa.khidi.or.kr/api/total-is/21100021?y=2022,2026-10-08T20:33:57+09:00
H-PNUH,2022,2022-01-01,2022-12-31,outpatient_revenue,외래수익,162638450270,khidi_haspa,https://haspa.khidi.or.kr/api/total-is/21100021?y=2022,2026-10-08T20:33:57+09:00
H-PNUH,2022,2022-01-01,2022-12-31,medical_expense,의료비용,494744372358,khidi_haspa,https://haspa.khidi.or.kr/api/total-is/21100021?y=2022,2026-10-08T20:33:57+09:00
H-PNUH,2022,2022-01-01,2022-12-31,labor_cost,인건비,243640608616,khidi_haspa,https://haspa.khidi.or.kr/api/total-is/21100021?y=2022,2026-10-08T20:33:57+09:00
H-PNUH,2022,2022-01-01,2022-12-31,material_cost,재료비,159585133399,khidi_haspa,https://haspa.khidi.or.kr/api/total-is/21100021?y=2022,2026-10-08T20:33:57+09:00
H-PNUH,2022,2022-01-01,2022-12-31,drug_cost,약품비,72970327589,khidi_haspa,https://haspa.khidi.or.kr/api/total-is/21100021?y=2022,2026-10-08T20:33:57+09:00
H-PNUH,2022,2022-01-01,2022-12-31,supply_cost,진료재료비,86614805810,khidi_haspa,https://haspa.khidi.or.kr/api/total-is/21100021?y=2022,2026-10-08T20:33:57+09:00
H-PNUH,2022,2022-01-01,2022-12-31,admin_cost,관리운영비,91518630343,khidi_haspa,https://haspa.khidi.or.kr/api/total-is/21100021?y=2022,2026-10-08T20:33:57+09:00
H-PNUH,2022,2022-01-01,2022-12-31,medical_profit,의료이익(손실),-21947919683,khidi_haspa,https://haspa.khidi.or.kr/api/total-is/21100021?y=2022,2026-10-08T20:33:57+09:00
H-PNUH,2022,2022-01-01,2022-12-31,non_medical_revenue,의료외수익,78514176010,khidi_haspa,https://haspa.khidi.or.kr/api/total-is/21100021?y=2022,2026-10-08T20:33:57+09:00
H-PNUH,2022,2022-01-01,2022-12-31,non_medical_expense,의료외비용,30861657427,khidi_haspa,https://haspa.khidi.or.kr/api/total-is/21100021?y=2022,2026-10-08T20:33:57+09:00
H-PNUH,2022,2022-01-01,2022-12-31,net_income,당기순이익,25704598900,khidi_haspa,https://haspa.khidi.or.kr/api/total-is/21100021?y=2022,2026-10-08T20:33:57+09:00
H-PNUH,2022,2022-01-01,2022-12-31,total_assets,자산총계,415462188274,khidi_haspa,https://haspa.khidi.or.kr/api/total-sfp/21100021?y=2022,2026-10-08T20:33:57+09:00
H-PNUH,2022,2022-01-01,2022-12-31,total_liabilities,부채총계,312371529510,khidi_haspa,https://haspa.khidi.or.kr/api/total-sfp/21100021?y=2022,2026-10-08T20:33:57+09:00
H-PNUH,2022,2022-01-01,2022-12-31,total_equity,자본총계,103090658764,khidi_haspa,https://haspa.khidi.or.kr/api/total-sfp/21100021?y=2022,2026-10-08T20:33:57+09:00
H-PNUH,2022,2022-01-01,2022-12-31,current_assets,유동자산,196984400791,khidi_haspa,https://haspa.khidi.or.kr/api/total-sfp/21100021?y=2022,2026-10-08T20:33:57+09:00
H-PNUH,2022,2022-01-01,2022-12-31,current_liabilities,유동부채,121758024458,khidi_haspa,https://haspa.khidi.or.kr/api/total-sfp/21100021?y=2022,2026-10-08T20:33:57+09:00
H-PNUH,2022,2022-01-01,2022-12-31,short_term_borrowings,단기차입금,0,khidi_haspa,https://haspa.khidi.or.kr/api/total-sfp/21100021?y=2022,2026-10-08T20:33:57+09:00
H-PNUH,2022,2022-01-01,2022-12-31,employee_short_term_borrowings,임직원단기차입금,0,khidi_haspa,https://haspa.khidi.or.kr/api/total-sfp/21100021?y=2022,2026-10-08T20:33:57+09:00
H-PNUH,2022,2022-01-01,2022-12-31,current_long_term_debt,유동성장기부채,21530221178,khidi_haspa,https://haspa.khidi.or.kr/api/total-sfp/21100021?y=2022,2026-10-08T20:33:57+09:00
H-PNUH,2022,2022-01-01,2022-12-31,long_term_borrowings,장기차입금,53676710505,khidi_haspa,https://haspa.khidi.or.kr/api/total-sfp/21100021?y=2022,2026-10-08T20:33:57+09:00
H-PNUH,2022,2022-01-01,2022-12-31,foreign_long_term_borrowings,외화장기차입금,0,khidi_haspa,https://haspa.khidi.or.kr/api/total-sfp/21100021?y=2022,2026-10-08T20:33:57+09:00
H-PNUH,2023,2023-01-01,2023-12-31,medical_revenue,의료수익,478776465301,khidi_haspa,https://haspa.khidi.or.kr/api/total-is/21100021?y=2023,2026-10-08T20:34:07+09:00
H-PNUH,2023,2023-01-01,2023-12-31,inpatient_revenue,입원수익,306235874997,khidi_haspa,https://haspa.khidi.or.kr/api/total-is/21100021?y=2023,2026-10-08T20:34:07+09:00
H-PNUH,2023,2023-01-01,2023-12-31,outpatient_revenue,외래수익,166479702839,khidi_haspa,https://haspa.khidi.or.kr/api/total-is/21100021?y=2023,2026-10-08T20:34:07+09:00
H-PNUH,2023,2023-01-01,2023-12-31,medical_expense,의료비용,519637115868,khidi_haspa,https://haspa.khidi.or.kr/api/total-is/21100021?y=2023,2026-10-08T20:34:07+09:00
H-PNUH,2023,2023-01-01,2023-12-31,labor_cost,인건비,256278144131,khidi_haspa,https://haspa.khidi.or.kr/api/total-is/21100021?y=2023,2026-10-08T20:34:07+09:00
H-PNUH,2023,2023-01-01,2023-12-31,material_cost,재료비,166114505978,khidi_haspa,https://haspa.khidi.or.kr/api/total-is/21100021?y=2023,2026-10-08T20:34:07+09:00
H-PNUH,2023,2023-01-01,2023-12-31,drug_cost,약품비,79003442481,khidi_haspa,https://haspa.khidi.or.kr/api/total-is/21100021?y=2023,2026-10-08T20:34:07+09:00
H-PNUH,2023,2023-01-01,2023-12-31,supply_cost,진료재료비,87111063497,khidi_haspa,https://haspa.khidi.or.kr/api/total-is/21100021?y=2023,2026-10-08T20:34:07+09:00
H-PNUH,2023,2023-01-01,2023-12-31,admin_cost,관리운영비,97244465759,khidi_haspa,https://haspa.khidi.or.kr/api/total-is/21100021?y=2023,2026-10-08T20:34:07+09:00
H-PNUH,2023,2023-01-01,2023-12-31,medical_profit,의료이익(손실),-40860650567,khidi_haspa,https://haspa.khidi.or.kr/api/total-is/21100021?y=2023,2026-10-08T20:34:07+09:00
H-PNUH,2023,2023-01-01,2023-12-31,non_medical_revenue,의료외수익,45744603522,khidi_haspa,https://haspa.khidi.or.kr/api/total-is/21100021?y=2023,2026-10-08T20:34:07+09:00
H-PNUH,2023,2023-01-01,2023-12-31,non_medical_expense,의료외비용,35393424999,khidi_haspa,https://haspa.khidi.or.kr/api/total-is/21100021?y=2023,2026-10-08T20:34:07+09:00
H-PNUH,2023,2023-01-01,2023-12-31,net_income,당기순이익,-30509472044,khidi_haspa,https://haspa.khidi.or.kr/api/total-is/21100021?y=2023,2026-10-08T20:34:07+09:00
H-PNUH,2023,2023-01-01,2023-12-31,total_assets,자산총계,378945225508,khidi_haspa,https://haspa.khidi.or.kr/api/total-sfp/21100021?y=2023,2026-10-08T20:34:07+09:00
H-PNUH,2023,2023-01-01,2023-12-31,total_liabilities,부채총계,306364038788,khidi_haspa,https://haspa.khidi.or.kr/api/total-sfp/21100021?y=2023,2026-10-08T20:34:07+09:00
H-PNUH,2023,2023-01-01,2023-12-31,total_equity,자본총계,72581186720,khidi_haspa,https://haspa.khidi.or.kr/api/total-sfp/21100021?y=2023,2026-10-08T20:34:07+09:00
H-PNUH,2023,2023-01-01,2023-12-31,current_assets,유동자산,159785455591,khidi_haspa,https://haspa.khidi.or.kr/api/total-sfp/21100021?y=2023,2026-10-08T20:34:07+09:00
H-PNUH,2023,2023-01-01,2023-12-31,current_liabilities,유동부채,125055084524,khidi_haspa,https://haspa.khidi.or.kr/api/total-sfp/21100021?y=2023,2026-10-08T20:34:07+09:00
H-PNUH,2023,2023-01-01,2023-12-31,short_term_borrowings,단기차입금,0,khidi_haspa,https://haspa.khidi.or.kr/api/total-sfp/21100021?y=2023,2026-10-08T20:34:07+09:00
H-PNUH,2023,2023-01-01,2023-12-31,employee_short_term_borrowings,임직원단기차입금,0,khidi_haspa,https://haspa.khidi.or.kr/api/total-sfp/21100021?y=2023,2026-10-08T20:34:07+09:00
H-PNUH,2023,2023-01-01,2023-12-31,current_long_term_debt,유동성장기부채,19862896027,khidi_haspa,https://haspa.khidi.or.kr/api/total-sfp/21100021?y=2023,2026-10-08T20:34:07+09:00
H-PNUH,2023,2023-01-01,2023-12-31,long_term_borrowings,장기차입금,45724605245,khidi_haspa,https://haspa.khidi.or.kr/api/total-sfp/21100021?y=2023,2026-10-08T20:34:07+09:00
H-PNUH,2023,2023-01-01,2023-12-31,foreign_long_term_borrowings,외화장기차입금,0,khidi_haspa,https://haspa.khidi.or.kr/api/total-sfp/21100021?y=2023,2026-10-08T20:34:07+09:00
H-PNUH,2024,2024-01-01,2024-12-31,medical_revenue,의료수익,411774602974,khidi_haspa,https://haspa.khidi.or.kr/api/total-is/21100021?y=2024,2026-10-08T20:34:18+09:00
H-PNUH,2024,2024-01-01,2024-12-31,inpatient_revenue,입원수익,252709306813,khidi_haspa,https://haspa.khidi.or.kr/api/total-is/21100021?y=2024,2026-10-08T20:34:18+09:00
H-PNUH,2024,2024-01-01,2024-12-31,outpatient_revenue,외래수익,154816725488,khidi_haspa,https://haspa.khidi.or.kr/api/total-is/21100021?y=2024,2026-10-08T20:34:18+09:00
H-PNUH,2024,2024-01-01,2024-12-31,medical_expense,의료비용,484747193945,khidi_haspa,https://haspa.khidi.or.kr/api/total-is/21100021?y=2024,2026-10-08T20:34:18+09:00
H-PNUH,2024,2024-01-01,2024-12-31,labor_cost,인건비,249536939770,khidi_haspa,https://haspa.khidi.or.kr/api/total-is/21100021?y=2024,2026-10-08T20:34:18+09:00
H-PNUH,2024,2024-01-01,2024-12-31,material_cost,재료비,144545098024,khidi_haspa,https://haspa.khidi.or.kr/api/total-is/21100021?y=2024,2026-10-08T20:34:18+09:00
H-PNUH,2024,2024-01-01,2024-12-31,drug_cost,약품비,73349597759,khidi_haspa,https://haspa.khidi.or.kr/api/total-is/21100021?y=2024,2026-10-08T20:34:18+09:00
H-PNUH,2024,2024-01-01,2024-12-31,supply_cost,진료재료비,71195500265,khidi_haspa,https://haspa.khidi.or.kr/api/total-is/21100021?y=2024,2026-10-08T20:34:18+09:00
H-PNUH,2024,2024-01-01,2024-12-31,admin_cost,관리운영비,90665156151,khidi_haspa,https://haspa.khidi.or.kr/api/total-is/21100021?y=2024,2026-10-08T20:34:18+09:00
H-PNUH,2024,2024-01-01,2024-12-31,medical_profit,의료이익(손실),-72972590971,khidi_haspa,https://haspa.khidi.or.kr/api/total-is/21100021?y=2024,2026-10-08T20:34:18+09:00
H-PNUH,2024,2024-01-01,2024-12-31,non_medical_revenue,의료외수익,59999512686,khidi_haspa,https://haspa.khidi.or.kr/api/total-is/21100021?y=2024,2026-10-08T20:34:18+09:00
H-PNUH,2024,2024-01-01,2024-12-31,non_medical_expense,의료외비용,33240206984,khidi_haspa,https://haspa.khidi.or.kr/api/total-is/21100021?y=2024,2026-10-08T20:34:18+09:00
H-PNUH,2024,2024-01-01,2024-12-31,net_income,당기순이익,-46213285269,khidi_haspa,https://haspa.khidi.or.kr/api/total-is/21100021?y=2024,2026-10-08T20:34:18+09:00
H-PNUH,2024,2024-01-01,2024-12-31,total_assets,자산총계,322351546042,khidi_haspa,https://haspa.khidi.or.kr/api/total-sfp/21100021?y=2024,2026-10-08T20:34:18+09:00
H-PNUH,2024,2024-01-01,2024-12-31,total_liabilities,부채총계,295983644591,khidi_haspa,https://haspa.khidi.or.kr/api/total-sfp/21100021?y=2024,2026-10-08T20:34:18+09:00
H-PNUH,2024,2024-01-01,2024-12-31,total_equity,자본총계,26367901451,khidi_haspa,https://haspa.khidi.or.kr/api/total-sfp/21100021?y=2024,2026-10-08T20:34:18+09:00
H-PNUH,2024,2024-01-01,2024-12-31,current_assets,유동자산,104268797230,khidi_haspa,https://haspa.khidi.or.kr/api/total-sfp/21100021?y=2024,2026-10-08T20:34:18+09:00
H-PNUH,2024,2024-01-01,2024-12-31,current_liabilities,유동부채,105971818984,khidi_haspa,https://haspa.khidi.or.kr/api/total-sfp/21100021?y=2024,2026-10-08T20:34:18+09:00
H-PNUH,2024,2024-01-01,2024-12-31,short_term_borrowings,단기차입금,0,khidi_haspa,https://haspa.khidi.or.kr/api/total-sfp/21100021?y=2024,2026-10-08T20:34:18+09:00
H-PNUH,2024,2024-01-01,2024-12-31,employee_short_term_borrowings,임직원단기차입금,0,khidi_haspa,https://haspa.khidi.or.kr/api/total-sfp/21100021?y=2024,2026-10-08T20:34:18+09:00
H-PNUH,2024,2024-01-01,2024-12-31,current_long_term_debt,유동성장기부채,11451310520,khidi_haspa,https://haspa.khidi.or.kr/api/total-sfp/21100021?y=2024,2026-10-08T20:34:18+09:00
H-PNUH,2024,2024-01-01,2024-12-31,long_term_borrowings,장기차입금,51600000000,khidi_haspa,https://haspa.khidi.or.kr/api/total-sfp/21100021?y=2024,2026-10-08T20:34:18+09:00
H-PNUH,2024,2024-01-01,2024-12-31,foreign_long_term_borrowings,외화장기차입금,0,khidi_haspa,https://haspa.khidi.or.kr/api/total-sfp/21100021?y=2024,2026-10-08T20:34:18+09:00
H-PNUYH,2016,2016-01-01,2016-12-31,medical_revenue,의료수익,328577749935,khidi_haspa,https://haspa.khidi.or.kr/api/total-is/38100509?y=2016,2026-10-08T20:34:29+09:00
H-PNUYH,2016,2016-01-01,2016-12-31,inpatient_revenue,입원수익,219367493520,khidi_haspa,https://haspa.khidi.or.kr/api/total-is/38100509?y=2016,2026-10-08T20:34:29+09:00
H-PNUYH,2016,2016-01-01,2016-12-31,outpatient_revenue,외래수익,100968741396,khidi_haspa,https://haspa.khidi.or.kr/api/total-is/38100509?y=2016,2026-10-08T20:34:29+09:00
H-PNUYH,2016,2016-01-01,2016-12-31,medical_expense,의료비용,310931611380,khidi_haspa,https://haspa.khidi.or.kr/api/total-is/38100509?y=2016,2026-10-08T20:34:29+09:00
H-PNUYH,2016,2016-01-01,2016-12-31,labor_cost,인건비,124718390769,khidi_haspa,https://haspa.khidi.or.kr/api/total-is/38100509?y=2016,2026-10-08T20:34:29+09:00
H-PNUYH,2016,2016-01-01,2016-12-31,material_cost,재료비,115738048126,khidi_haspa,https://haspa.khidi.or.kr/api/total-is/38100509?y=2016,2026-10-08T20:34:29+09:00
H-PNUYH,2016,2016-01-01,2016-12-31,drug_cost,약품비,51328197886,khidi_haspa,https://haspa.khidi.or.kr/api/total-is/38100509?y=2016,2026-10-08T20:34:29+09:00
H-PNUYH,2016,2016-01-01,2016-12-31,supply_cost,진료재료비,64409850240,khidi_haspa,https://haspa.khidi.or.kr/api/total-is/38100509?y=2016,2026-10-08T20:34:29+09:00
H-PNUYH,2016,2016-01-01,2016-12-31,admin_cost,관리운영비,70475172485,khidi_haspa,https://haspa.khidi.or.kr/api/total-is/38100509?y=2016,2026-10-08T20:34:29+09:00
H-PNUYH,2016,2016-01-01,2016-12-31,medical_profit,의료이익(손실),17646138555,khidi_haspa,https://haspa.khidi.or.kr/api/total-is/38100509?y=2016,2026-10-08T20:34:29+09:00
H-PNUYH,2016,2016-01-01,2016-12-31,non_medical_revenue,의료외수익,9751382294,khidi_haspa,https://haspa.khidi.or.kr/api/total-is/38100509?y=2016,2026-10-08T20:34:29+09:00
H-PNUYH,2016,2016-01-01,2016-12-31,non_medical_expense,의료외비용,7338060949,khidi_haspa,https://haspa.khidi.or.kr/api/total-is/38100509?y=2016,2026-10-08T20:34:29+09:00
H-PNUYH,2016,2016-01-01,2016-12-31,net_income,당기순이익,17629052219,khidi_haspa,https://haspa.khidi.or.kr/api/total-is/38100509?y=2016,2026-10-08T20:34:29+09:00
H-PNUYH,2016,2016-01-01,2016-12-31,total_assets,자산총계,346922434325,khidi_haspa,https://haspa.khidi.or.kr/api/total-sfp/38100509?y=2016,2026-10-08T20:34:29+09:00
H-PNUYH,2016,2016-01-01,2016-12-31,total_liabilities,부채총계,277554018144,khidi_haspa,https://haspa.khidi.or.kr/api/total-sfp/38100509?y=2016,2026-10-08T20:34:29+09:00
H-PNUYH,2016,2016-01-01,2016-12-31,total_equity,자본총계,69368416181,khidi_haspa,https://haspa.khidi.or.kr/api/total-sfp/38100509?y=2016,2026-10-08T20:34:29+09:00
H-PNUYH,2016,2016-01-01,2016-12-31,current_assets,유동자산,120787803261,khidi_haspa,https://haspa.khidi.or.kr/api/total-sfp/38100509?y=2016,2026-10-08T20:34:29+09:00
H-PNUYH,2016,2016-01-01,2016-12-31,current_liabilities,유동부채,104239111940,khidi_haspa,https://haspa.khidi.or.kr/api/total-sfp/38100509?y=2016,2026-10-08T20:34:29+09:00
H-PNUYH,2016,2016-01-01,2016-12-31,short_term_borrowings,단기차입금,7200000000,khidi_haspa,https://haspa.khidi.or.kr/api/total-sfp/38100509?y=2016,2026-10-08T20:34:29+09:00
H-PNUYH,2016,2016-01-01,2016-12-31,employee_short_term_borrowings,임직원단기차입금,0,khidi_haspa,https://haspa.khidi.or.kr/api/total-sfp/38100509?y=2016,2026-10-08T20:34:29+09:00
H-PNUYH,2016,2016-01-01,2016-12-31,current_long_term_debt,유동성장기부채,5102569337,khidi_haspa,https://haspa.khidi.or.kr/api/total-sfp/38100509?y=2016,2026-10-08T20:34:29+09:00
H-PNUYH,2016,2016-01-01,2016-12-31,long_term_borrowings,장기차입금,114475000000,khidi_haspa,https://haspa.khidi.or.kr/api/total-sfp/38100509?y=2016,2026-10-08T20:34:29+09:00
H-PNUYH,2016,2016-01-01,2016-12-31,foreign_long_term_borrowings,외화장기차입금,0,khidi_haspa,https://haspa.khidi.or.kr/api/total-sfp/38100509?y=2016,2026-10-08T20:34:29+09:00
H-PNUYH,2017,2017-01-01,2017-12-31,medical_revenue,의료수익,353712871843,khidi_haspa,https://haspa.khidi.or.kr/api/total-is/38100509?y=2017,2026-10-08T20:34:39+09:00
H-PNUYH,2017,2017-01-01,2017-12-31,inpatient_revenue,입원수익,234495792598,khidi_haspa,https://haspa.khidi.or.kr/api/total-is/38100509?y=2017,2026-10-08T20:34:39+09:00
H-PNUYH,2017,2017-01-01,2017-12-31,outpatient_revenue,외래수익,111012226826,khidi_haspa,https://haspa.khidi.or.kr/api/total-is/38100509?y=2017,2026-10-08T20:34:39+09:00
H-PNUYH,2017,2017-01-01,2017-12-31,medical_expense,의료비용,344514994588,khidi_haspa,https://haspa.khidi.or.kr/api/total-is/38100509?y=2017,2026-10-08T20:34:39+09:00
H-PNUYH,2017,2017-01-01,2017-12-31,labor_cost,인건비,138226536540,khidi_haspa,https://haspa.khidi.or.kr/api/total-is/38100509?y=2017,2026-10-08T20:34:39+09:00
H-PNUYH,2017,2017-01-01,2017-12-31,material_cost,재료비,125472143091,khidi_haspa,https://haspa.khidi.or.kr/api/total-is/38100509?y=2017,2026-10-08T20:34:39+09:00
H-PNUYH,2017,2017-01-01,2017-12-31,drug_cost,약품비,56587457867,khidi_haspa,https://haspa.khidi.or.kr/api/total-is/38100509?y=2017,2026-10-08T20:34:39+09:00
H-PNUYH,2017,2017-01-01,2017-12-31,supply_cost,진료재료비,68884685224,khidi_haspa,https://haspa.khidi.or.kr/api/total-is/38100509?y=2017,2026-10-08T20:34:39+09:00
H-PNUYH,2017,2017-01-01,2017-12-31,admin_cost,관리운영비,80816314957,khidi_haspa,https://haspa.khidi.or.kr/api/total-is/38100509?y=2017,2026-10-08T20:34:39+09:00
H-PNUYH,2017,2017-01-01,2017-12-31,medical_profit,의료이익(손실),9197877255,khidi_haspa,https://haspa.khidi.or.kr/api/total-is/38100509?y=2017,2026-10-08T20:34:39+09:00
H-PNUYH,2017,2017-01-01,2017-12-31,non_medical_revenue,의료외수익,10539570056,khidi_haspa,https://haspa.khidi.or.kr/api/total-is/38100509?y=2017,2026-10-08T20:34:39+09:00
H-PNUYH,2017,2017-01-01,2017-12-31,non_medical_expense,의료외비용,8570824245,khidi_haspa,https://haspa.khidi.or.kr/api/total-is/38100509?y=2017,2026-10-08T20:34:39+09:00
H-PNUYH,2017,2017-01-01,2017-12-31,net_income,당기순이익,11135073073,khidi_haspa,https://haspa.khidi.or.kr/api/total-is/38100509?y=2017,2026-10-08T20:34:39+09:00
H-PNUYH,2017,2017-01-01,2017-12-31,total_assets,자산총계,360855191979,khidi_haspa,https://haspa.khidi.or.kr/api/total-sfp/38100509?y=2017,2026-10-08T20:34:39+09:00
H-PNUYH,2017,2017-01-01,2017-12-31,total_liabilities,부채총계,280351702725,khidi_haspa,https://haspa.khidi.or.kr/api/total-sfp/38100509?y=2017,2026-10-08T20:34:39+09:00
H-PNUYH,2017,2017-01-01,2017-12-31,total_equity,자본총계,80503489254,khidi_haspa,https://haspa.khidi.or.kr/api/total-sfp/38100509?y=2017,2026-10-08T20:34:39+09:00
H-PNUYH,2017,2017-01-01,2017-12-31,current_assets,유동자산,131491979194,khidi_haspa,https://haspa.khidi.or.kr/api/total-sfp/38100509?y=2017,2026-10-08T20:34:39+09:00
H-PNUYH,2017,2017-01-01,2017-12-31,current_liabilities,유동부채,113173385729,khidi_haspa,https://haspa.khidi.or.kr/api/total-sfp/38100509?y=2017,2026-10-08T20:34:39+09:00
H-PNUYH,2017,2017-01-01,2017-12-31,short_term_borrowings,단기차입금,0,khidi_haspa,https://haspa.khidi.or.kr/api/total-sfp/38100509?y=2017,2026-10-08T20:34:39+09:00
H-PNUYH,2017,2017-01-01,2017-12-31,employee_short_term_borrowings,임직원단기차입금,0,khidi_haspa,https://haspa.khidi.or.kr/api/total-sfp/38100509?y=2017,2026-10-08T20:34:39+09:00
H-PNUYH,2017,2017-01-01,2017-12-31,current_long_term_debt,유동성장기부채,16905142528,khidi_haspa,https://haspa.khidi.or.kr/api/total-sfp/38100509?y=2017,2026-10-08T20:34:39+09:00
H-PNUYH,2017,2017-01-01,2017-12-31,long_term_borrowings,장기차입금,103941660000,khidi_haspa,https://haspa.khidi.or.kr/api/total-sfp/38100509?y=2017,2026-10-08T20:34:39+09:00
H-PNUYH,2017,2017-01-01,2017-12-31,foreign_long_term_borrowings,외화장기차입금,0,khidi_haspa,https://haspa.khidi.or.kr/api/total-sfp/38100509?y=2017,2026-10-08T20:34:39+09:00
H-PNUYH,2018,2018-01-01,2018-12-31,medical_revenue,의료수익,383140160405,khidi_haspa,https://haspa.khidi.or.kr/api/total-is/38100509?y=2018,2026-10-08T20:34:50+09:00
H-PNUYH,2018,2018-01-01,2018-12-31,inpatient_revenue,입원수익,253337954751,khidi_haspa,https://haspa.khidi.or.kr/api/total-is/38100509?y=2018,2026-10-08T20:34:50+09:00
H-PNUYH,2018,2018-01-01,2018-12-31,outpatient_revenue,외래수익,121225684693,khidi_haspa,https://haspa.khidi.or.kr/api/total-is/38100509?y=2018,2026-10-08T20:34:50+09:00
H-PNUYH,2018,2018-01-01,2018-12-31,medical_expense,의료비용,366239495337,khidi_haspa,https://haspa.khidi.or.kr/api/total-is/38100509?y=2018,2026-10-08T20:34:50+09:00
H-PNUYH,2018,2018-01-01,2018-12-31,labor_cost,인건비,156597478532,khidi_haspa,https://haspa.khidi.or.kr/api/total-is/38100509?y=2018,2026-10-08T20:34:50+09:00
H-PNUYH,2018,2018-01-01,2018-12-31,material_cost,재료비,134521969256,khidi_haspa,https://haspa.khidi.or.kr/api/total-is/38100509?y=2018,2026-10-08T20:34:50+09:00
H-PNUYH,2018,2018-01-01,2018-12-31,drug_cost,약품비,62390353686,khidi_haspa,https://haspa.khidi.or.kr/api/total-is/38100509?y=2018,2026-10-08T20:34:50+09:00
H-PNUYH,2018,2018-01-01,2018-12-31,supply_cost,진료재료비,72131615570,khidi_haspa,https://haspa.khidi.or.kr/api/total-is/38100509?y=2018,2026-10-08T20:34:50+09:00
H-PNUYH,2018,2018-01-01,2018-12-31,admin_cost,관리운영비,75120047549,khidi_haspa,https://haspa.khidi.or.kr/api/total-is/38100509?y=2018,2026-10-08T20:34:50+09:00
H-PNUYH,2018,2018-01-01,2018-12-31,medical_profit,의료이익(손실),16900665068,khidi_haspa,https://haspa.khidi.or.kr/api/total-is/38100509?y=2018,2026-10-08T20:34:50+09:00
H-PNUYH,2018,2018-01-01,2018-12-31,non_medical_revenue,의료외수익,13371546800,khidi_haspa,https://haspa.khidi.or.kr/api/total-is/38100509?y=2018,2026-10-08T20:34:50+09:00
H-PNUYH,2018,2018-01-01,2018-12-31,non_medical_expense,의료외비용,10891235459,khidi_haspa,https://haspa.khidi.or.kr/api/total-is/38100509?y=2018,2026-10-08T20:34:50+09:00
H-PNUYH,2018,2018-01-01,2018-12-31,net_income,당기순이익,19380976409,khidi_haspa,https://haspa.khidi.or.kr/api/total-is/38100509?y=2018,2026-10-08T20:34:50+09:00
H-PNUYH,2018,2018-01-01,2018-12-31,total_assets,자산총계,366854703621,khidi_haspa,https://haspa.khidi.or.kr/api/total-sfp/38100509?y=2018,2026-10-08T20:34:50+09:00
H-PNUYH,2018,2018-01-01,2018-12-31,total_liabilities,부채총계,266970237958,khidi_haspa,https://haspa.khidi.or.kr/api/total-sfp/38100509?y=2018,2026-10-08T20:34:50+09:00
H-PNUYH,2018,2018-01-01,2018-12-31,total_equity,자본총계,99884465663,khidi_haspa,https://haspa.khidi.or.kr/api/total-sfp/38100509?y=2018,2026-10-08T20:34:50+09:00
H-PNUYH,2018,2018-01-01,2018-12-31,current_assets,유동자산,122768272039,khidi_haspa,https://haspa.khidi.or.kr/api/total-sfp/38100509?y=2018,2026-10-08T20:34:50+09:00
H-PNUYH,2018,2018-01-01,2018-12-31,current_liabilities,유동부채,113767210855,khidi_haspa,https://haspa.khidi.or.kr/api/total-sfp/38100509?y=2018,2026-10-08T20:34:50+09:00
H-PNUYH,2018,2018-01-01,2018-12-31,short_term_borrowings,단기차입금,0,khidi_haspa,https://haspa.khidi.or.kr/api/total-sfp/38100509?y=2018,2026-10-08T20:34:50+09:00
H-PNUYH,2018,2018-01-01,2018-12-31,employee_short_term_borrowings,임직원단기차입금,0,khidi_haspa,https://haspa.khidi.or.kr/api/total-sfp/38100509?y=2018,2026-10-08T20:34:50+09:00
H-PNUYH,2018,2018-01-01,2018-12-31,current_long_term_debt,유동성장기부채,17652075691,khidi_haspa,https://haspa.khidi.or.kr/api/total-sfp/38100509?y=2018,2026-10-08T20:34:50+09:00
H-PNUYH,2018,2018-01-01,2018-12-31,long_term_borrowings,장기차입금,92074980000,khidi_haspa,https://haspa.khidi.or.kr/api/total-sfp/38100509?y=2018,2026-10-08T20:34:50+09:00
H-PNUYH,2018,2018-01-01,2018-12-31,foreign_long_term_borrowings,외화장기차입금,0,khidi_haspa,https://haspa.khidi.or.kr/api/total-sfp/38100509?y=2018,2026-10-08T20:34:50+09:00
H-PNUYH,2019,2019-01-01,2019-12-31,medical_revenue,의료수익,417517479860,khidi_haspa,https://haspa.khidi.or.kr/api/total-is/38100509?y=2019,2026-10-08T20:35:01+09:00
H-PNUYH,2019,2019-01-01,2019-12-31,inpatient_revenue,입원수익,279787935176,khidi_haspa,https://haspa.khidi.or.kr/api/total-is/38100509?y=2019,2026-10-08T20:35:01+09:00
H-PNUYH,2019,2019-01-01,2019-12-31,outpatient_revenue,외래수익,128650463433,khidi_haspa,https://haspa.khidi.or.kr/api/total-is/38100509?y=2019,2026-10-08T20:35:01+09:00
H-PNUYH,2019,2019-01-01,2019-12-31,medical_expense,의료비용,400367501472,khidi_haspa,https://haspa.khidi.or.kr/api/total-is/38100509?y=2019,2026-10-08T20:35:01+09:00
H-PNUYH,2019,2019-01-01,2019-12-31,labor_cost,인건비,175675289095,khidi_haspa,https://haspa.khidi.or.kr/api/total-is/38100509?y=2019,2026-10-08T20:35:01+09:00
H-PNUYH,2019,2019-01-01,2019-12-31,material_cost,재료비,152148211609,khidi_haspa,https://haspa.khidi.or.kr/api/total-is/38100509?y=2019,2026-10-08T20:35:01+09:00
H-PNUYH,2019,2019-01-01,2019-12-31,drug_cost,약품비,71173569166,khidi_haspa,https://haspa.khidi.or.kr/api/total-is/38100509?y=2019,2026-10-08T20:35:01+09:00
H-PNUYH,2019,2019-01-01,2019-12-31,supply_cost,진료재료비,80974642443,khidi_haspa,https://haspa.khidi.or.kr/api/total-is/38100509?y=2019,2026-10-08T20:35:01+09:00
H-PNUYH,2019,2019-01-01,2019-12-31,admin_cost,관리운영비,72544000768,khidi_haspa,https://haspa.khidi.or.kr/api/total-is/38100509?y=2019,2026-10-08T20:35:01+09:00
H-PNUYH,2019,2019-01-01,2019-12-31,medical_profit,의료이익(손실),17149978388,khidi_haspa,https://haspa.khidi.or.kr/api/total-is/38100509?y=2019,2026-10-08T20:35:01+09:00
H-PNUYH,2019,2019-01-01,2019-12-31,non_medical_revenue,의료외수익,17962751732,khidi_haspa,https://haspa.khidi.or.kr/api/total-is/38100509?y=2019,2026-10-08T20:35:01+09:00
H-PNUYH,2019,2019-01-01,2019-12-31,non_medical_expense,의료외비용,13223756135,khidi_haspa,https://haspa.khidi.or.kr/api/total-is/38100509?y=2019,2026-10-08T20:35:01+09:00
H-PNUYH,2019,2019-01-01,2019-12-31,net_income,당기순이익,21888973985,khidi_haspa,https://haspa.khidi.or.kr/api/total-is/38100509?y=2019,2026-10-08T20:35:01+09:00
H-PNUYH,2019,2019-01-01,2019-12-31,total_assets,자산총계,375044761847,khidi_haspa,https://haspa.khidi.or.kr/api/total-sfp/38100509?y=2019,2026-10-08T20:35:01+09:00
H-PNUYH,2019,2019-01-01,2019-12-31,total_liabilities,부채총계,253271322199,khidi_haspa,https://haspa.khidi.or.kr/api/total-sfp/38100509?y=2019,2026-10-08T20:35:01+09:00
H-PNUYH,2019,2019-01-01,2019-12-31,total_equity,자본총계,121773439648,khidi_haspa,https://haspa.khidi.or.kr/api/total-sfp/38100509?y=2019,2026-10-08T20:35:01+09:00
H-PNUYH,2019,2019-01-01,2019-12-31,current_assets,유동자산,131865999757,khidi_haspa,https://haspa.khidi.or.kr/api/total-sfp/38100509?y=2019,2026-10-08T20:35:01+09:00
H-PNUYH,2019,2019-01-01,2019-12-31,current_liabilities,유동부채,107611968981,khidi_haspa,https://haspa.khidi.or.kr/api/total-sfp/38100509?y=2019,2026-10-08T20:35:01+09:00
H-PNUYH,2019,2019-01-01,2019-12-31,short_term_borrowings,단기차입금,0,khidi_haspa,https://haspa.khidi.or.kr/api/total-sfp/38100509?y=2019,2026-10-08T20:35:01+09:00
H-PNUYH,2019,2019-01-01,2019-12-31,employee_short_term_borrowings,임직원단기차입금,0,khidi_haspa,https://haspa.khidi.or.kr/api/total-sfp/38100509?y=2019,2026-10-08T20:35:01+09:00
H-PNUYH,2019,2019-01-01,2019-12-31,current_long_term_debt,유동성장기부채,12588855555,khidi_haspa,https://haspa.khidi.or.kr/api/total-sfp/38100509?y=2019,2026-10-08T20:35:01+09:00
H-PNUYH,2019,2019-01-01,2019-12-31,long_term_borrowings,장기차입금,84008300000,khidi_haspa,https://haspa.khidi.or.kr/api/total-sfp/38100509?y=2019,2026-10-08T20:35:01+09:00
H-PNUYH,2019,2019-01-01,2019-12-31,foreign_long_term_borrowings,외화장기차입금,0,khidi_haspa,https://haspa.khidi.or.kr/api/total-sfp/38100509?y=2019,2026-10-08T20:35:01+09:00
H-PNUYH,2020,2020-01-01,2020-12-31,medical_revenue,의료수익,421372367053,khidi_haspa,https://haspa.khidi.or.kr/api/total-is/38100509?y=2020,2026-10-08T20:35:12+09:00
H-PNUYH,2020,2020-01-01,2020-12-31,inpatient_revenue,입원수익,278617201662,khidi_haspa,https://haspa.khidi.or.kr/api/total-is/38100509?y=2020,2026-10-08T20:35:12+09:00
H-PNUYH,2020,2020-01-01,2020-12-31,outpatient_revenue,외래수익,134169294681,khidi_haspa,https://haspa.khidi.or.kr/api/total-is/38100509?y=2020,2026-10-08T20:35:12+09:00
H-PNUYH,2020,2020-01-01,2020-12-31,medical_expense,의료비용,424894223675,khidi_haspa,https://haspa.khidi.or.kr/api/total-is/38100509?y=2020,2026-10-08T20:35:12+09:00
H-PNUYH,2020,2020-01-01,2020-12-31,labor_cost,인건비,193917940804,khidi_haspa,https://haspa.khidi.or.kr/api/total-is/38100509?y=2020,2026-10-08T20:35:12+09:00
H-PNUYH,2020,2020-01-01,2020-12-31,material_cost,재료비,152281053083,khidi_haspa,https://haspa.khidi.or.kr/api/total-is/38100509?y=2020,2026-10-08T20:35:12+09:00
H-PNUYH,2020,2020-01-01,2020-12-31,drug_cost,약품비,69867470639,khidi_haspa,https://haspa.khidi.or.kr/api/total-is/38100509?y=2020,2026-10-08T20:35:12+09:00
H-PNUYH,2020,2020-01-01,2020-12-31,supply_cost,진료재료비,82413582444,khidi_haspa,https://haspa.khidi.or.kr/api/total-is/38100509?y=2020,2026-10-08T20:35:12+09:00
H-PNUYH,2020,2020-01-01,2020-12-31,admin_cost,관리운영비,78695229788,khidi_haspa,https://haspa.khidi.or.kr/api/total-is/38100509?y=2020,2026-10-08T20:35:12+09:00
H-PNUYH,2020,2020-01-01,2020-12-31,medical_profit,의료이익(손실),-3521856622,khidi_haspa,https://haspa.khidi.or.kr/api/total-is/38100509?y=2020,2026-10-08T20:35:12+09:00
H-PNUYH,2020,2020-01-01,2020-12-31,non_medical_revenue,의료외수익,20656551986,khidi_haspa,https://haspa.khidi.or.kr/api/total-is/38100509?y=2020,2026-10-08T20:35:12+09:00
H-PNUYH,2020,2020-01-01,2020-12-31,non_medical_expense,의료외비용,12320589947,khidi_haspa,https://haspa.khidi.or.kr/api/total-is/38100509?y=2020,2026-10-08T20:35:12+09:00
H-PNUYH,2020,2020-01-01,2020-12-31,net_income,당기순이익,4814105417,khidi_haspa,https://haspa.khidi.or.kr/api/total-is/38100509?y=2020,2026-10-08T20:35:12+09:00
H-PNUYH,2020,2020-01-01,2020-12-31,total_assets,자산총계,365895682427,khidi_haspa,https://haspa.khidi.or.kr/api/total-sfp/38100509?y=2020,2026-10-08T20:35:12+09:00
H-PNUYH,2020,2020-01-01,2020-12-31,total_liabilities,부채총계,239308137362,khidi_haspa,https://haspa.khidi.or.kr/api/total-sfp/38100509?y=2020,2026-10-08T20:35:12+09:00
H-PNUYH,2020,2020-01-01,2020-12-31,total_equity,자본총계,126587545065,khidi_haspa,https://haspa.khidi.or.kr/api/total-sfp/38100509?y=2020,2026-10-08T20:35:12+09:00
H-PNUYH,2020,2020-01-01,2020-12-31,current_assets,유동자산,120141464441,khidi_haspa,https://haspa.khidi.or.kr/api/total-sfp/38100509?y=2020,2026-10-08T20:35:12+09:00
H-PNUYH,2020,2020-01-01,2020-12-31,current_liabilities,유동부채,99720368376,khidi_haspa,https://haspa.khidi.or.kr/api/total-sfp/38100509?y=2020,2026-10-08T20:35:12+09:00
H-PNUYH,2020,2020-01-01,2020-12-31,short_term_borrowings,단기차입금,0,khidi_haspa,https://haspa.khidi.or.kr/api/total-sfp/38100509?y=2020,2026-10-08T20:35:12+09:00
H-PNUYH,2020,2020-01-01,2020-12-31,employee_short_term_borrowings,임직원단기차입금,0,khidi_haspa,https://haspa.khidi.or.kr/api/total-sfp/38100509?y=2020,2026-10-08T20:35:12+09:00
H-PNUYH,2020,2020-01-01,2020-12-31,current_long_term_debt,유동성장기부채,11144257260,khidi_haspa,https://haspa.khidi.or.kr/api/total-sfp/38100509?y=2020,2026-10-08T20:35:12+09:00
H-PNUYH,2020,2020-01-01,2020-12-31,long_term_borrowings,장기차입금,76666620000,khidi_haspa,https://haspa.khidi.or.kr/api/total-sfp/38100509?y=2020,2026-10-08T20:35:12+09:00
H-PNUYH,2020,2020-01-01,2020-12-31,foreign_long_term_borrowings,외화장기차입금,0,khidi_haspa,https://haspa.khidi.or.kr/api/total-sfp/38100509?y=2020,2026-10-08T20:35:12+09:00
H-PNUYH,2021,2021-01-01,2021-12-31,medical_revenue,의료수익,461016034927,khidi_haspa,https://haspa.khidi.or.kr/api/total-is/38100509?y=2021,2026-10-08T20:35:22+09:00
H-PNUYH,2021,2021-01-01,2021-12-31,inpatient_revenue,입원수익,296437267317,khidi_haspa,https://haspa.khidi.or.kr/api/total-is/38100509?y=2021,2026-10-08T20:35:22+09:00
H-PNUYH,2021,2021-01-01,2021-12-31,outpatient_revenue,외래수익,153607685119,khidi_haspa,https://haspa.khidi.or.kr/api/total-is/38100509?y=2021,2026-10-08T20:35:22+09:00
H-PNUYH,2021,2021-01-01,2021-12-31,medical_expense,의료비용,466485556739,khidi_haspa,https://haspa.khidi.or.kr/api/total-is/38100509?y=2021,2026-10-08T20:35:22+09:00
H-PNUYH,2021,2021-01-01,2021-12-31,labor_cost,인건비,216569327947,khidi_haspa,https://haspa.khidi.or.kr/api/total-is/38100509?y=2021,2026-10-08T20:35:22+09:00
H-PNUYH,2021,2021-01-01,2021-12-31,material_cost,재료비,166496027216,khidi_haspa,https://haspa.khidi.or.kr/api/total-is/38100509?y=2021,2026-10-08T20:35:22+09:00
H-PNUYH,2021,2021-01-01,2021-12-31,drug_cost,약품비,75812124778,khidi_haspa,https://haspa.khidi.or.kr/api/total-is/38100509?y=2021,2026-10-08T20:35:22+09:00
H-PNUYH,2021,2021-01-01,2021-12-31,supply_cost,진료재료비,90683902438,khidi_haspa,https://haspa.khidi.or.kr/api/total-is/38100509?y=2021,2026-10-08T20:35:22+09:00
H-PNUYH,2021,2021-01-01,2021-12-31,admin_cost,관리운영비,83420201576,khidi_haspa,https://haspa.khidi.or.kr/api/total-is/38100509?y=2021,2026-10-08T20:35:22+09:00
H-PNUYH,2021,2021-01-01,2021-12-31,medical_profit,의료이익(손실),-5469521812,khidi_haspa,https://haspa.khidi.or.kr/api/total-is/38100509?y=2021,2026-10-08T20:35:22+09:00
H-PNUYH,2021,2021-01-01,2021-12-31,non_medical_revenue,의료외수익,37855571484,khidi_haspa,https://haspa.khidi.or.kr/api/total-is/38100509?y=2021,2026-10-08T20:35:22+09:00
H-PNUYH,2021,2021-01-01,2021-12-31,non_medical_expense,의료외비용,16909887829,khidi_haspa,https://haspa.khidi.or.kr/api/total-is/38100509?y=2021,2026-10-08T20:35:22+09:00
H-PNUYH,2021,2021-01-01,2021-12-31,net_income,당기순이익,15476161843,khidi_haspa,https://haspa.khidi.or.kr/api/total-is/38100509?y=2021,2026-10-08T20:35:22+09:00
H-PNUYH,2021,2021-01-01,2021-12-31,total_assets,자산총계,389367991414,khidi_haspa,https://haspa.khidi.or.kr/api/total-sfp/38100509?y=2021,2026-10-08T20:35:22+09:00
H-PNUYH,2021,2021-01-01,2021-12-31,total_liabilities,부채총계,247304284506,khidi_haspa,https://haspa.khidi.or.kr/api/total-sfp/38100509?y=2021,2026-10-08T20:35:22+09:00
H-PNUYH,2021,2021-01-01,2021-12-31,total_equity,자본총계,142063706908,khidi_haspa,https://haspa.khidi.or.kr/api/total-sfp/38100509?y=2021,2026-10-08T20:35:22+09:00
H-PNUYH,2021,2021-01-01,2021-12-31,current_assets,유동자산,148387779786,khidi_haspa,https://haspa.khidi.or.kr/api/total-sfp/38100509?y=2021,2026-10-08T20:35:22+09:00
H-PNUYH,2021,2021-01-01,2021-12-31,current_liabilities,유동부채,106553284318,khidi_haspa,https://haspa.khidi.or.kr/api/total-sfp/38100509?y=2021,2026-10-08T20:35:22+09:00
H-PNUYH,2021,2021-01-01,2021-12-31,short_term_borrowings,단기차입금,0,khidi_haspa,https://haspa.khidi.or.kr/api/total-sfp/38100509?y=2021,2026-10-08T20:35:22+09:00
H-PNUYH,2021,2021-01-01,2021-12-31,employee_short_term_borrowings,임직원단기차입금,0,khidi_haspa,https://haspa.khidi.or.kr/api/total-sfp/38100509?y=2021,2026-10-08T20:35:22+09:00
H-PNUYH,2021,2021-01-01,2021-12-31,current_long_term_debt,유동성장기부채,9797318398,khidi_haspa,https://haspa.khidi.or.kr/api/total-sfp/38100509?y=2021,2026-10-08T20:35:22+09:00
H-PNUYH,2021,2021-01-01,2021-12-31,long_term_borrowings,장기차입금,69999940000,khidi_haspa,https://haspa.khidi.or.kr/api/total-sfp/38100509?y=2021,2026-10-08T20:35:22+09:00
H-PNUYH,2021,2021-01-01,2021-12-31,foreign_long_term_borrowings,외화장기차입금,0,khidi_haspa,https://haspa.khidi.or.kr/api/total-sfp/38100509?y=2021,2026-10-08T20:35:22+09:00
H-PNUYH,2022,2022-01-01,2022-12-31,medical_revenue,의료수익,470211894986,khidi_haspa,https://haspa.khidi.or.kr/api/total-is/38100509?y=2022,2026-10-08T20:35:33+09:00
H-PNUYH,2022,2022-01-01,2022-12-31,inpatient_revenue,입원수익,296183349849,khidi_haspa,https://haspa.khidi.or.kr/api/total-is/38100509?y=2022,2026-10-08T20:35:33+09:00
H-PNUYH,2022,2022-01-01,2022-12-31,outpatient_revenue,외래수익,162810849835,khidi_haspa,https://haspa.khidi.or.kr/api/total-is/38100509?y=2022,2026-10-08T20:35:33+09:00
H-PNUYH,2022,2022-01-01,2022-12-31,medical_expense,의료비용,481379486250,khidi_haspa,https://haspa.khidi.or.kr/api/total-is/38100509?y=2022,2026-10-08T20:35:33+09:00
H-PNUYH,2022,2022-01-01,2022-12-31,labor_cost,인건비,222322457246,khidi_haspa,https://haspa.khidi.or.kr/api/total-is/38100509?y=2022,2026-10-08T20:35:33+09:00
H-PNUYH,2022,2022-01-01,2022-12-31,material_cost,재료비,170814814060,khidi_haspa,https://haspa.khidi.or.kr/api/total-is/38100509?y=2022,2026-10-08T20:35:33+09:00
H-PNUYH,2022,2022-01-01,2022-12-31,drug_cost,약품비,78154250694,khidi_haspa,https://haspa.khidi.or.kr/api/total-is/38100509?y=2022,2026-10-08T20:35:33+09:00
H-PNUYH,2022,2022-01-01,2022-12-31,supply_cost,진료재료비,92660563366,khidi_haspa,https://haspa.khidi.or.kr/api/total-is/38100509?y=2022,2026-10-08T20:35:33+09:00
H-PNUYH,2022,2022-01-01,2022-12-31,admin_cost,관리운영비,88242214944,khidi_haspa,https://haspa.khidi.or.kr/api/total-is/38100509?y=2022,2026-10-08T20:35:33+09:00
H-PNUYH,2022,2022-01-01,2022-12-31,medical_profit,의료이익(손실),-11167591264,khidi_haspa,https://haspa.khidi.or.kr/api/total-is/38100509?y=2022,2026-10-08T20:35:33+09:00
H-PNUYH,2022,2022-01-01,2022-12-31,non_medical_revenue,의료외수익,58406606577,khidi_haspa,https://haspa.khidi.or.kr/api/total-is/38100509?y=2022,2026-10-08T20:35:33+09:00
H-PNUYH,2022,2022-01-01,2022-12-31,non_medical_expense,의료외비용,18914657113,khidi_haspa,https://haspa.khidi.or.kr/api/total-is/38100509?y=2022,2026-10-08T20:35:33+09:00
H-PNUYH,2022,2022-01-01,2022-12-31,net_income,당기순이익,28324358200,khidi_haspa,https://haspa.khidi.or.kr/api/total-is/38100509?y=2022,2026-10-08T20:35:33+09:00
H-PNUYH,2022,2022-01-01,2022-12-31,total_assets,자산총계,420644851440,khidi_haspa,https://haspa.khidi.or.kr/api/total-sfp/38100509?y=2022,2026-10-08T20:35:33+09:00
H-PNUYH,2022,2022-01-01,2022-12-31,total_liabilities,부채총계,250256786332,khidi_haspa,https://haspa.khidi.or.kr/api/total-sfp/38100509?y=2022,2026-10-08T20:35:33+09:00
H-PNUYH,2022,2022-01-01,2022-12-31,total_equity,자본총계,170388065108,khidi_haspa,https://haspa.khidi.or.kr/api/total-sfp/38100509?y=2022,2026-10-08T20:35:33+09:00
H-PNUYH,2022,2022-01-01,2022-12-31,current_assets,유동자산,183303751726,khidi_haspa,https://haspa.khidi.or.kr/api/total-sfp/38100509?y=2022,2026-10-08T20:35:33+09:00
H-PNUYH,2022,2022-01-01,2022-12-31,current_liabilities,유동부채,112130570748,khidi_haspa,https://haspa.khidi.or.kr/api/total-sfp/38100509?y=2022,2026-10-08T20:35:33+09:00
H-PNUYH,2022,2022-01-01,2022-12-31,short_term_borrowings,단기차입금,0,khidi_haspa,https://haspa.khidi.or.kr/api/total-sfp/38100509?y=2022,2026-10-08T20:35:33+09:00
H-PNUYH,2022,2022-01-01,2022-12-31,employee_short_term_borrowings,임직원단기차입금,0,khidi_haspa,https://haspa.khidi.or.kr/api/total-sfp/38100509?y=2022,2026-10-08T20:35:33+09:00
H-PNUYH,2022,2022-01-01,2022-12-31,current_long_term_debt,유동성장기부채,13320470150,khidi_haspa,https://haspa.khidi.or.kr/api/total-sfp/38100509?y=2022,2026-10-08T20:35:33+09:00
H-PNUYH,2022,2022-01-01,2022-12-31,long_term_borrowings,장기차입금,63333270000,khidi_haspa,https://haspa.khidi.or.kr/api/total-sfp/38100509?y=2022,2026-10-08T20:35:33+09:00
H-PNUYH,2022,2022-01-01,2022-12-31,foreign_long_term_borrowings,외화장기차입금,0,khidi_haspa,https://haspa.khidi.or.kr/api/total-sfp/38100509?y=2022,2026-10-08T20:35:33+09:00
H-PNUYH,2023,2023-01-01,2023-12-31,medical_revenue,의료수익,488745378915,khidi_haspa,https://haspa.khidi.or.kr/api/total-is/38100509?y=2023,2026-10-08T20:35:43+09:00
H-PNUYH,2023,2023-01-01,2023-12-31,inpatient_revenue,입원수익,330162708335,khidi_haspa,https://haspa.khidi.or.kr/api/total-is/38100509?y=2023,2026-10-08T20:35:43+09:00
H-PNUYH,2023,2023-01-01,2023-12-31,outpatient_revenue,외래수익,146477241011,khidi_haspa,https://haspa.khidi.or.kr/api/total-is/38100509?y=2023,2026-10-08T20:35:43+09:00
H-PNUYH,2023,2023-01-01,2023-12-31,medical_expense,의료비용,513095043342,khidi_haspa,https://haspa.khidi.or.kr/api/total-is/38100509?y=2023,2026-10-08T20:35:43+09:00
H-PNUYH,2023,2023-01-01,2023-12-31,labor_cost,인건비,234904378391,khidi_haspa,https://haspa.khidi.or.kr/api/total-is/38100509?y=2023,2026-10-08T20:35:43+09:00
H-PNUYH,2023,2023-01-01,2023-12-31,material_cost,재료비,181721947469,khidi_haspa,https://haspa.khidi.or.kr/api/total-is/38100509?y=2023,2026-10-08T20:35:43+09:00
H-PNUYH,2023,2023-01-01,2023-12-31,drug_cost,약품비,84086891222,khidi_haspa,https://haspa.khidi.or.kr/api/total-is/38100509?y=2023,2026-10-08T20:35:43+09:00
H-PNUYH,2023,2023-01-01,2023-12-31,supply_cost,진료재료비,97635056247,khidi_haspa,https://haspa.khidi.or.kr/api/total-is/38100509?y=2023,2026-10-08T20:35:43+09:00
H-PNUYH,2023,2023-01-01,2023-12-31,admin_cost,관리운영비,96468717482,khidi_haspa,https://haspa.khidi.or.kr/api/total-is/38100509?y=2023,2026-10-08T20:35:43+09:00
H-PNUYH,2023,2023-01-01,2023-12-31,medical_profit,의료이익(손실),-24349664427,khidi_haspa,https://haspa.khidi.or.kr/api/total-is/38100509?y=2023,2026-10-08T20:35:43+09:00
H-PNUYH,2023,2023-01-01,2023-12-31,non_medical_revenue,의료외수익,33430107119,khidi_haspa,https://haspa.khidi.or.kr/api/total-is/38100509?y=2023,2026-10-08T20:35:43+09:00
H-PNUYH,2023,2023-01-01,2023-12-31,non_medical_expense,의료외비용,22215404442,khidi_haspa,https://haspa.khidi.or.kr/api/total-is/38100509?y=2023,2026-10-08T20:35:43+09:00
H-PNUYH,2023,2023-01-01,2023-12-31,net_income,당기순이익,-13134961750,khidi_haspa,https://haspa.khidi.or.kr/api/total-is/38100509?y=2023,2026-10-08T20:35:43+09:00
H-PNUYH,2023,2023-01-01,2023-12-31,total_assets,자산총계,416595929998,khidi_haspa,https://haspa.khidi.or.kr/api/total-sfp/38100509?y=2023,2026-10-08T20:35:43+09:00
H-PNUYH,2023,2023-01-01,2023-12-31,total_liabilities,부채총계,259342826640,khidi_haspa,https://haspa.khidi.or.kr/api/total-sfp/38100509?y=2023,2026-10-08T20:35:43+09:00
H-PNUYH,2023,2023-01-01,2023-12-31,total_equity,자본총계,157253103358,khidi_haspa,https://haspa.khidi.or.kr/api/total-sfp/38100509?y=2023,2026-10-08T20:35:43+09:00
H-PNUYH,2023,2023-01-01,2023-12-31,current_assets,유동자산,182438620894,khidi_haspa,https://haspa.khidi.or.kr/api/total-sfp/38100509?y=2023,2026-10-08T20:35:43+09:00
H-PNUYH,2023,2023-01-01,2023-12-31,current_liabilities,유동부채,118624522310,khidi_haspa,https://haspa.khidi.or.kr/api/total-sfp/38100509?y=2023,2026-10-08T20:35:43+09:00
H-PNUYH,2023,2023-01-01,2023-12-31,short_term_borrowings,단기차입금,0,khidi_haspa,https://haspa.khidi.or.kr/api/total-sfp/38100509?y=2023,2026-10-08T20:35:43+09:00
H-PNUYH,2023,2023-01-01,2023-12-31,employee_short_term_borrowings,임직원단기차입금,0,khidi_haspa,https://haspa.khidi.or.kr/api/total-sfp/38100509?y=2023,2026-10-08T20:35:43+09:00
H-PNUYH,2023,2023-01-01,2023-12-31,current_long_term_debt,유동성장기부채,14156944500,khidi_haspa,https://haspa.khidi.or.kr/api/total-sfp/38100509?y=2023,2026-10-08T20:35:43+09:00
H-PNUYH,2023,2023-01-01,2023-12-31,long_term_borrowings,장기차입금,56666610000,khidi_haspa,https://haspa.khidi.or.kr/api/total-sfp/38100509?y=2023,2026-10-08T20:35:43+09:00
H-PNUYH,2023,2023-01-01,2023-12-31,foreign_long_term_borrowings,외화장기차입금,0,khidi_haspa,https://haspa.khidi.or.kr/api/total-sfp/38100509?y=2023,2026-10-08T20:35:43+09:00
H-PNUYH,2024,2024-01-01,2024-12-31,medical_revenue,의료수익,449141021705,khidi_haspa,https://haspa.khidi.or.kr/api/total-is/38100509?y=2024,2026-10-08T20:35:54+09:00
H-PNUYH,2024,2024-01-01,2024-12-31,inpatient_revenue,입원수익,276964513936,khidi_haspa,https://haspa.khidi.or.kr/api/total-is/38100509?y=2024,2026-10-08T20:35:54+09:00
H-PNUYH,2024,2024-01-01,2024-12-31,outpatient_revenue,외래수익,161260075976,khidi_haspa,https://haspa.khidi.or.kr/api/total-is/38100509?y=2024,2026-10-08T20:35:54+09:00
H-PNUYH,2024,2024-01-01,2024-12-31,medical_expense,의료비용,493085409007,khidi_haspa,https://haspa.khidi.or.kr/api/total-is/38100509?y=2024,2026-10-08T20:35:54+09:00
H-PNUYH,2024,2024-01-01,2024-12-31,labor_cost,인건비,234878666753,khidi_haspa,https://haspa.khidi.or.kr/api/total-is/38100509?y=2024,2026-10-08T20:35:54+09:00
H-PNUYH,2024,2024-01-01,2024-12-31,material_cost,재료비,164405393370,khidi_haspa,https://haspa.khidi.or.kr/api/total-is/38100509?y=2024,2026-10-08T20:35:54+09:00
H-PNUYH,2024,2024-01-01,2024-12-31,drug_cost,약품비,83557874052,khidi_haspa,https://haspa.khidi.or.kr/api/total-is/38100509?y=2024,2026-10-08T20:35:54+09:00
H-PNUYH,2024,2024-01-01,2024-12-31,supply_cost,진료재료비,80847519318,khidi_haspa,https://haspa.khidi.or.kr/api/total-is/38100509?y=2024,2026-10-08T20:35:54+09:00
H-PNUYH,2024,2024-01-01,2024-12-31,admin_cost,관리운영비,93801348884,khidi_haspa,https://haspa.khidi.or.kr/api/total-is/38100509?y=2024,2026-10-08T20:35:54+09:00
H-PNUYH,2024,2024-01-01,2024-12-31,medical_profit,의료이익(손실),-43944387302,khidi_haspa,https://haspa.khidi.or.kr/api/total-is/38100509?y=2024,2026-10-08T20:35:54+09:00
H-PNUYH,2024,2024-01-01,2024-12-31,non_medical_revenue,의료외수익,52405834211,khidi_haspa,https://haspa.khidi.or.kr/api/total-is/38100509?y=2024,2026-10-08T20:35:54+09:00
H-PNUYH,2024,2024-01-01,2024-12-31,non_medical_expense,의료외비용,24861508194,khidi_haspa,https://haspa.khidi.or.kr/api/total-is/38100509?y=2024,2026-10-08T20:35:54+09:00
H-PNUYH,2024,2024-01-01,2024-12-31,net_income,당기순이익,-16400061285,khidi_haspa,https://haspa.khidi.or.kr/api/total-is/38100509?y=2024,2026-10-08T20:35:54+09:00
H-PNUYH,2024,2024-01-01,2024-12-31,total_assets,자산총계,392863532900,khidi_haspa,https://haspa.khidi.or.kr/api/total-sfp/38100509?y=2024,2026-10-08T20:35:54+09:00
H-PNUYH,2024,2024-01-01,2024-12-31,total_liabilities,부채총계,252010490827,khidi_haspa,https://haspa.khidi.or.kr/api/total-sfp/38100509?y=2024,2026-10-08T20:35:54+09:00
H-PNUYH,2024,2024-01-01,2024-12-31,total_equity,자본총계,140853042073,khidi_haspa,https://haspa.khidi.or.kr/api/total-sfp/38100509?y=2024,2026-10-08T20:35:54+09:00
H-PNUYH,2024,2024-01-01,2024-12-31,current_assets,유동자산,166690442285,khidi_haspa,https://haspa.khidi.or.kr/api/total-sfp/38100509?y=2024,2026-10-08T20:35:54+09:00
H-PNUYH,2024,2024-01-01,2024-12-31,current_liabilities,유동부채,108634273447,khidi_haspa,https://haspa.khidi.or.kr/api/total-sfp/38100509?y=2024,2026-10-08T20:35:54+09:00
H-PNUYH,2024,2024-01-01,2024-12-31,short_term_borrowings,단기차입금,0,khidi_haspa,https://haspa.khidi.or.kr/api/total-sfp/38100509?y=2024,2026-10-08T20:35:54+09:00
H-PNUYH,2024,2024-01-01,2024-12-31,employee_short_term_borrowings,임직원단기차입금,0,khidi_haspa,https://haspa.khidi.or.kr/api/total-sfp/38100509?y=2024,2026-10-08T20:35:54+09:00
H-PNUYH,2024,2024-01-01,2024-12-31,current_long_term_debt,유동성장기부채,12282011800,khidi_haspa,https://haspa.khidi.or.kr/api/total-sfp/38100509?y=2024,2026-10-08T20:35:54+09:00
H-PNUYH,2024,2024-01-01,2024-12-31,long_term_borrowings,장기차입금,49999950000,khidi_haspa,https://haspa.khidi.or.kr/api/total-sfp/38100509?y=2024,2026-10-08T20:35:54+09:00
H-PNUYH,2024,2024-01-01,2024-12-31,foreign_long_term_borrowings,외화장기차입금,0,khidi_haspa,https://haspa.khidi.or.kr/api/total-sfp/38100509?y=2024,2026-10-08T20:35:54+09:00
H-SANGGYE-PAIK,2016,2016-03-01,2017-02-28,medical_revenue,의료수익,184597750421,khidi_haspa,https://haspa.khidi.or.kr/api/total-is/11100818?y=2016,2026-10-08T20:31:24+09:00
H-SANGGYE-PAIK,2016,2016-03-01,2017-02-28,inpatient_revenue,입원수익,113428488026,khidi_haspa,https://haspa.khidi.or.kr/api/total-is/11100818?y=2016,2026-10-08T20:31:24+09:00
H-SANGGYE-PAIK,2016,2016-03-01,2017-02-28,outpatient_revenue,외래수익,67519557299,khidi_haspa,https://haspa.khidi.or.kr/api/total-is/11100818?y=2016,2026-10-08T20:31:24+09:00
H-SANGGYE-PAIK,2016,2016-03-01,2017-02-28,medical_expense,의료비용,173496595270,khidi_haspa,https://haspa.khidi.or.kr/api/total-is/11100818?y=2016,2026-10-08T20:31:24+09:00
H-SANGGYE-PAIK,2016,2016-03-01,2017-02-28,labor_cost,인건비,85215251726,khidi_haspa,https://haspa.khidi.or.kr/api/total-is/11100818?y=2016,2026-10-08T20:31:24+09:00
H-SANGGYE-PAIK,2016,2016-03-01,2017-02-28,material_cost,재료비,60174870479,khidi_haspa,https://haspa.khidi.or.kr/api/total-is/11100818?y=2016,2026-10-08T20:31:24+09:00
H-SANGGYE-PAIK,2016,2016-03-01,2017-02-28,drug_cost,약품비,28003434654,khidi_haspa,https://haspa.khidi.or.kr/api/total-is/11100818?y=2016,2026-10-08T20:31:24+09:00
H-SANGGYE-PAIK,2016,2016-03-01,2017-02-28,supply_cost,진료재료비,30413282861,khidi_haspa,https://haspa.khidi.or.kr/api/total-is/11100818?y=2016,2026-10-08T20:31:24+09:00
H-SANGGYE-PAIK,2016,2016-03-01,2017-02-28,admin_cost,관리운영비,28106473065,khidi_haspa,https://haspa.khidi.or.kr/api/total-is/11100818?y=2016,2026-10-08T20:31:24+09:00
H-SANGGYE-PAIK,2016,2016-03-01,2017-02-28,medical_profit,의료이익(손실),11101155151,khidi_haspa,https://haspa.khidi.or.kr/api/total-is/11100818?y=2016,2026-10-08T20:31:24+09:00
H-SANGGYE-PAIK,2016,2016-03-01,2017-02-28,non_medical_revenue,의료외수익,2801145871,khidi_haspa,https://haspa.khidi.or.kr/api/total-is/11100818?y=2016,2026-10-08T20:31:24+09:00
H-SANGGYE-PAIK,2016,2016-03-01,2017-02-28,non_medical_expense,의료외비용,2936209438,khidi_haspa,https://haspa.khidi.or.kr/api/total-is/11100818?y=2016,2026-10-08T20:31:24+09:00
H-SANGGYE-PAIK,2016,2016-03-01,2017-02-28,net_income,당기순이익,-33908416,khidi_haspa,https://haspa.khidi.or.kr/api/total-is/11100818?y=2016,2026-10-08T20:31:24+09:00
H-SANGGYE-PAIK,2016,2016-03-01,2017-02-28,total_assets,자산총계,64970640749,khidi_haspa,https://haspa.khidi.or.kr/api/total-sfp/11100818?y=2016,2026-10-08T20:31:24+09:00
H-SANGGYE-PAIK,2016,2016-03-01,2017-02-28,total_liabilities,부채총계,89018994833,khidi_haspa,https://haspa.khidi.or.kr/api/total-sfp/11100818?y=2016,2026-10-08T20:31:24+09:00
H-SANGGYE-PAIK,2016,2016-03-01,2017-02-28,total_equity,자본총계,-24048354084,khidi_haspa,https://haspa.khidi.or.kr/api/total-sfp/11100818?y=2016,2026-10-08T20:31:24+09:00
H-SANGGYE-PAIK,2016,2016-03-01,2017-02-28,current_assets,유동자산,21243294685,khidi_haspa,https://haspa.khidi.or.kr/api/total-sfp/11100818?y=2016,2026-10-08T20:31:24+09:00
H-SANGGYE-PAIK,2016,2016-03-01,2017-02-28,current_liabilities,유동부채,64820670619,khidi_haspa,https://haspa.khidi.or.kr/api/total-sfp/11100818?y=2016,2026-10-08T20:31:24+09:00
H-SANGGYE-PAIK,2016,2016-03-01,2017-02-28,short_term_borrowings,단기차입금,0,khidi_haspa,https://haspa.khidi.or.kr/api/total-sfp/11100818?y=2016,2026-10-08T20:31:24+09:00
H-SANGGYE-PAIK,2016,2016-03-01,2017-02-28,employee_short_term_borrowings,임직원단기차입금,0,khidi_haspa,https://haspa.khidi.or.kr/api/total-sfp/11100818?y=2016,2026-10-08T20:31:24+09:00
H-SANGGYE-PAIK,2016,2016-03-01,2017-02-28,current_long_term_debt,유동성장기부채,670517476,khidi_haspa,https://haspa.khidi.or.kr/api/total-sfp/11100818?y=2016,2026-10-08T20:31:24+09:00
H-SANGGYE-PAIK,2016,2016-03-01,2017-02-28,long_term_borrowings,장기차입금,0,khidi_haspa,https://haspa.khidi.or.kr/api/total-sfp/11100818?y=2016,2026-10-08T20:31:24+09:00
H-SANGGYE-PAIK,2016,2016-03-01,2017-02-28,foreign_long_term_borrowings,외화장기차입금,0,khidi_haspa,https://haspa.khidi.or.kr/api/total-sfp/11100818?y=2016,2026-10-08T20:31:24+09:00
H-SANGGYE-PAIK,2017,2017-03-01,2018-02-28,medical_revenue,의료수익,188324596843,khidi_haspa,https://haspa.khidi.or.kr/api/total-is/11100818?y=2017,2026-10-08T20:31:33+09:00
H-SANGGYE-PAIK,2017,2017-03-01,2018-02-28,inpatient_revenue,입원수익,112624896836,khidi_haspa,https://haspa.khidi.or.kr/api/total-is/11100818?y=2017,2026-10-08T20:31:33+09:00
H-SANGGYE-PAIK,2017,2017-03-01,2018-02-28,outpatient_revenue,외래수익,70635813115,khidi_haspa,https://haspa.khidi.or.kr/api/total-is/11100818?y=2017,2026-10-08T20:31:33+09:00
H-SANGGYE-PAIK,2017,2017-03-01,2018-02-28,medical_expense,의료비용,181588207924,khidi_haspa,https://haspa.khidi.or.kr/api/total-is/11100818?y=2017,2026-10-08T20:31:33+09:00
H-SANGGYE-PAIK,2017,2017-03-01,2018-02-28,labor_cost,인건비,90383436247,khidi_haspa,https://haspa.khidi.or.kr/api/total-is/11100818?y=2017,2026-10-08T20:31:33+09:00
H-SANGGYE-PAIK,2017,2017-03-01,2018-02-28,material_cost,재료비,60325257147,khidi_haspa,https://haspa.khidi.or.kr/api/total-is/11100818?y=2017,2026-10-08T20:31:33+09:00
H-SANGGYE-PAIK,2017,2017-03-01,2018-02-28,drug_cost,약품비,28221863774,khidi_haspa,https://haspa.khidi.or.kr/api/total-is/11100818?y=2017,2026-10-08T20:31:33+09:00
H-SANGGYE-PAIK,2017,2017-03-01,2018-02-28,supply_cost,진료재료비,29101668088,khidi_haspa,https://haspa.khidi.or.kr/api/total-is/11100818?y=2017,2026-10-08T20:31:33+09:00
H-SANGGYE-PAIK,2017,2017-03-01,2018-02-28,admin_cost,관리운영비,30879514530,khidi_haspa,https://haspa.khidi.or.kr/api/total-is/11100818?y=2017,2026-10-08T20:31:33+09:00
H-SANGGYE-PAIK,2017,2017-03-01,2018-02-28,medical_profit,의료이익(손실),6736388919,khidi_haspa,https://haspa.khidi.or.kr/api/total-is/11100818?y=2017,2026-10-08T20:31:33+09:00
H-SANGGYE-PAIK,2017,2017-03-01,2018-02-28,non_medical_revenue,의료외수익,2814126641,khidi_haspa,https://haspa.khidi.or.kr/api/total-is/11100818?y=2017,2026-10-08T20:31:33+09:00
H-SANGGYE-PAIK,2017,2017-03-01,2018-02-28,non_medical_expense,의료외비용,1210536684,khidi_haspa,https://haspa.khidi.or.kr/api/total-is/11100818?y=2017,2026-10-08T20:31:33+09:00
H-SANGGYE-PAIK,2017,2017-03-01,2018-02-28,net_income,당기순이익,-4732065323,khidi_haspa,https://haspa.khidi.or.kr/api/total-is/11100818?y=2017,2026-10-08T20:31:33+09:00
H-SANGGYE-PAIK,2017,2017-03-01,2018-02-28,total_assets,자산총계,62534604094,khidi_haspa,https://haspa.khidi.or.kr/api/total-sfp/11100818?y=2017,2026-10-08T20:31:33+09:00
H-SANGGYE-PAIK,2017,2017-03-01,2018-02-28,total_liabilities,부채총계,91315023501,khidi_haspa,https://haspa.khidi.or.kr/api/total-sfp/11100818?y=2017,2026-10-08T20:31:33+09:00
H-SANGGYE-PAIK,2017,2017-03-01,2018-02-28,total_equity,자본총계,-28780419407,khidi_haspa,https://haspa.khidi.or.kr/api/total-sfp/11100818?y=2017,2026-10-08T20:31:33+09:00
H-SANGGYE-PAIK,2017,2017-03-01,2018-02-28,current_assets,유동자산,20368519310,khidi_haspa,https://haspa.khidi.or.kr/api/total-sfp/11100818?y=2017,2026-10-08T20:31:33+09:00
H-SANGGYE-PAIK,2017,2017-03-01,2018-02-28,current_liabilities,유동부채,59353218794,khidi_haspa,https://haspa.khidi.or.kr/api/total-sfp/11100818?y=2017,2026-10-08T20:31:33+09:00
H-SANGGYE-PAIK,2017,2017-03-01,2018-02-28,short_term_borrowings,단기차입금,0,khidi_haspa,https://haspa.khidi.or.kr/api/total-sfp/11100818?y=2017,2026-10-08T20:31:33+09:00
H-SANGGYE-PAIK,2017,2017-03-01,2018-02-28,employee_short_term_borrowings,임직원단기차입금,0,khidi_haspa,https://haspa.khidi.or.kr/api/total-sfp/11100818?y=2017,2026-10-08T20:31:33+09:00
H-SANGGYE-PAIK,2017,2017-03-01,2018-02-28,current_long_term_debt,유동성장기부채,246610655,khidi_haspa,https://haspa.khidi.or.kr/api/total-sfp/11100818?y=2017,2026-10-08T20:31:33+09:00
H-SANGGYE-PAIK,2017,2017-03-01,2018-02-28,long_term_borrowings,장기차입금,0,khidi_haspa,https://haspa.khidi.or.kr/api/total-sfp/11100818?y=2017,2026-10-08T20:31:33+09:00
H-SANGGYE-PAIK,2017,2017-03-01,2018-02-28,foreign_long_term_borrowings,외화장기차입금,0,khidi_haspa,https://haspa.khidi.or.kr/api/total-sfp/11100818?y=2017,2026-10-08T20:31:33+09:00
H-SANGGYE-PAIK,2018,2018-03-01,2019-02-28,medical_revenue,의료수익,196728971794,khidi_haspa,https://haspa.khidi.or.kr/api/total-is/11100818?y=2018,2026-10-08T20:31:43+09:00
H-SANGGYE-PAIK,2018,2018-03-01,2019-02-28,inpatient_revenue,입원수익,118968299469,khidi_haspa,https://haspa.khidi.or.kr/api/total-is/11100818?y=2018,2026-10-08T20:31:43+09:00
H-SANGGYE-PAIK,2018,2018-03-01,2019-02-28,outpatient_revenue,외래수익,72293560044,khidi_haspa,https://haspa.khidi.or.kr/api/total-is/11100818?y=2018,2026-10-08T20:31:43+09:00
H-SANGGYE-PAIK,2018,2018-03-01,2019-02-28,medical_expense,의료비용,192086692521,khidi_haspa,https://haspa.khidi.or.kr/api/total-is/11100818?y=2018,2026-10-08T20:31:43+09:00
H-SANGGYE-PAIK,2018,2018-03-01,2019-02-28,labor_cost,인건비,95054405803,khidi_haspa,https://haspa.khidi.or.kr/api/total-is/11100818?y=2018,2026-10-08T20:31:43+09:00
H-SANGGYE-PAIK,2018,2018-03-01,2019-02-28,material_cost,재료비,62985627005,khidi_haspa,https://haspa.khidi.or.kr/api/total-is/11100818?y=2018,2026-10-08T20:31:43+09:00
H-SANGGYE-PAIK,2018,2018-03-01,2019-02-28,drug_cost,약품비,29603207514,khidi_haspa,https://haspa.khidi.or.kr/api/total-is/11100818?y=2018,2026-10-08T20:31:43+09:00
H-SANGGYE-PAIK,2018,2018-03-01,2019-02-28,supply_cost,진료재료비,30198285145,khidi_haspa,https://haspa.khidi.or.kr/api/total-is/11100818?y=2018,2026-10-08T20:31:43+09:00
H-SANGGYE-PAIK,2018,2018-03-01,2019-02-28,admin_cost,관리운영비,34046659713,khidi_haspa,https://haspa.khidi.or.kr/api/total-is/11100818?y=2018,2026-10-08T20:31:43+09:00
H-SANGGYE-PAIK,2018,2018-03-01,2019-02-28,medical_profit,의료이익(손실),4642279273,khidi_haspa,https://haspa.khidi.or.kr/api/total-is/11100818?y=2018,2026-10-08T20:31:43+09:00
H-SANGGYE-PAIK,2018,2018-03-01,2019-02-28,non_medical_revenue,의료외수익,2808596425,khidi_haspa,https://haspa.khidi.or.kr/api/total-is/11100818?y=2018,2026-10-08T20:31:43+09:00
H-SANGGYE-PAIK,2018,2018-03-01,2019-02-28,non_medical_expense,의료외비용,1110043286,khidi_haspa,https://haspa.khidi.or.kr/api/total-is/11100818?y=2018,2026-10-08T20:31:43+09:00
H-SANGGYE-PAIK,2018,2018-03-01,2019-02-28,net_income,당기순이익,5886851177,khidi_haspa,https://haspa.khidi.or.kr/api/total-is/11100818?y=2018,2026-10-08T20:31:43+09:00
H-SANGGYE-PAIK,2018,2018-03-01,2019-02-28,total_assets,자산총계,68420323035,khidi_haspa,https://haspa.khidi.or.kr/api/total-sfp/11100818?y=2018,2026-10-08T20:31:43+09:00
H-SANGGYE-PAIK,2018,2018-03-01,2019-02-28,total_liabilities,부채총계,91313891265,khidi_haspa,https://haspa.khidi.or.kr/api/total-sfp/11100818?y=2018,2026-10-08T20:31:43+09:00
H-SANGGYE-PAIK,2018,2018-03-01,2019-02-28,total_equity,자본총계,-22893568230,khidi_haspa,https://haspa.khidi.or.kr/api/total-sfp/11100818?y=2018,2026-10-08T20:31:43+09:00
H-SANGGYE-PAIK,2018,2018-03-01,2019-02-28,current_assets,유동자산,27648154821,khidi_haspa,https://haspa.khidi.or.kr/api/total-sfp/11100818?y=2018,2026-10-08T20:31:43+09:00
H-SANGGYE-PAIK,2018,2018-03-01,2019-02-28,current_liabilities,유동부채,62594826367,khidi_haspa,https://haspa.khidi.or.kr/api/total-sfp/11100818?y=2018,2026-10-08T20:31:43+09:00
H-SANGGYE-PAIK,2018,2018-03-01,2019-02-28,short_term_borrowings,단기차입금,0,khidi_haspa,https://haspa.khidi.or.kr/api/total-sfp/11100818?y=2018,2026-10-08T20:31:43+09:00
H-SANGGYE-PAIK,2018,2018-03-01,2019-02-28,employee_short_term_borrowings,임직원단기차입금,0,khidi_haspa,https://haspa.khidi.or.kr/api/total-sfp/11100818?y=2018,2026-10-08T20:31:43+09:00
H-SANGGYE-PAIK,2018,2018-03-01,2019-02-28,current_long_term_debt,유동성장기부채,261309599,khidi_haspa,https://haspa.khidi.or.kr/api/total-sfp/11100818?y=2018,2026-10-08T20:31:43+09:00
H-SANGGYE-PAIK,2018,2018-03-01,2019-02-28,long_term_borrowings,장기차입금,0,khidi_haspa,https://haspa.khidi.or.kr/api/total-sfp/11100818?y=2018,2026-10-08T20:31:43+09:00
H-SANGGYE-PAIK,2018,2018-03-01,2019-02-28,foreign_long_term_borrowings,외화장기차입금,0,khidi_haspa,https://haspa.khidi.or.kr/api/total-sfp/11100818?y=2018,2026-10-08T20:31:43+09:00
H-SANGGYE-PAIK,2019,2019-03-01,2020-02-29,medical_revenue,의료수익,206373948778,khidi_haspa,https://haspa.khidi.or.kr/api/total-is/11100818?y=2019,2026-10-08T20:31:53+09:00
H-SANGGYE-PAIK,2019,2019-03-01,2020-02-29,inpatient_revenue,입원수익,125914786406,khidi_haspa,https://haspa.khidi.or.kr/api/total-is/11100818?y=2019,2026-10-08T20:31:53+09:00
H-SANGGYE-PAIK,2019,2019-03-01,2020-02-29,outpatient_revenue,외래수익,74712813530,khidi_haspa,https://haspa.khidi.or.kr/api/total-is/11100818?y=2019,2026-10-08T20:31:53+09:00
H-SANGGYE-PAIK,2019,2019-03-01,2020-02-29,medical_expense,의료비용,201970525710,khidi_haspa,https://haspa.khidi.or.kr/api/total-is/11100818?y=2019,2026-10-08T20:31:53+09:00
H-SANGGYE-PAIK,2019,2019-03-01,2020-02-29,labor_cost,인건비,100829798236,khidi_haspa,https://haspa.khidi.or.kr/api/total-is/11100818?y=2019,2026-10-08T20:31:53+09:00
H-SANGGYE-PAIK,2019,2019-03-01,2020-02-29,material_cost,재료비,64756031125,khidi_haspa,https://haspa.khidi.or.kr/api/total-is/11100818?y=2019,2026-10-08T20:31:53+09:00
H-SANGGYE-PAIK,2019,2019-03-01,2020-02-29,drug_cost,약품비,30249809867,khidi_haspa,https://haspa.khidi.or.kr/api/total-is/11100818?y=2019,2026-10-08T20:31:53+09:00
H-SANGGYE-PAIK,2019,2019-03-01,2020-02-29,supply_cost,진료재료비,32684840859,khidi_haspa,https://haspa.khidi.or.kr/api/total-is/11100818?y=2019,2026-10-08T20:31:53+09:00
H-SANGGYE-PAIK,2019,2019-03-01,2020-02-29,admin_cost,관리운영비,36384696349,khidi_haspa,https://haspa.khidi.or.kr/api/total-is/11100818?y=2019,2026-10-08T20:31:53+09:00
H-SANGGYE-PAIK,2019,2019-03-01,2020-02-29,medical_profit,의료이익(손실),4403423068,khidi_haspa,https://haspa.khidi.or.kr/api/total-is/11100818?y=2019,2026-10-08T20:31:53+09:00
H-SANGGYE-PAIK,2019,2019-03-01,2020-02-29,non_medical_revenue,의료외수익,2761991996,khidi_haspa,https://haspa.khidi.or.kr/api/total-is/11100818?y=2019,2026-10-08T20:31:53+09:00
H-SANGGYE-PAIK,2019,2019-03-01,2020-02-29,non_medical_expense,의료외비용,1104730303,khidi_haspa,https://haspa.khidi.or.kr/api/total-is/11100818?y=2019,2026-10-08T20:31:53+09:00
H-SANGGYE-PAIK,2019,2019-03-01,2020-02-29,net_income,당기순이익,-832267056,khidi_haspa,https://haspa.khidi.or.kr/api/total-is/11100818?y=2019,2026-10-08T20:31:53+09:00
H-SANGGYE-PAIK,2019,2019-03-01,2020-02-29,total_assets,자산총계,69469422660,khidi_haspa,https://haspa.khidi.or.kr/api/total-sfp/11100818?y=2019,2026-10-08T20:31:53+09:00
H-SANGGYE-PAIK,2019,2019-03-01,2020-02-29,total_liabilities,부채총계,93195257947,khidi_haspa,https://haspa.khidi.or.kr/api/total-sfp/11100818?y=2019,2026-10-08T20:31:53+09:00
H-SANGGYE-PAIK,2019,2019-03-01,2020-02-29,total_equity,자본총계,-23725835287,khidi_haspa,https://haspa.khidi.or.kr/api/total-sfp/11100818?y=2019,2026-10-08T20:31:53+09:00
H-SANGGYE-PAIK,2019,2019-03-01,2020-02-29,current_assets,유동자산,27839849124,khidi_haspa,https://haspa.khidi.or.kr/api/total-sfp/11100818?y=2019,2026-10-08T20:31:53+09:00
H-SANGGYE-PAIK,2019,2019-03-01,2020-02-29,current_liabilities,유동부채,59455023748,khidi_haspa,https://haspa.khidi.or.kr/api/total-sfp/11100818?y=2019,2026-10-08T20:31:53+09:00
H-SANGGYE-PAIK,2019,2019-03-01,2020-02-29,short_term_borrowings,단기차입금,0,khidi_haspa,https://haspa.khidi.or.kr/api/total-sfp/11100818?y=2019,2026-10-08T20:31:53+09:00
H-SANGGYE-PAIK,2019,2019-03-01,2020-02-29,employee_short_term_borrowings,임직원단기차입금,0,khidi_haspa,https://haspa.khidi.or.kr/api/total-sfp/11100818?y=2019,2026-10-08T20:31:53+09:00
H-SANGGYE-PAIK,2019,2019-03-01,2020-02-29,current_long_term_debt,유동성장기부채,709314297,khidi_haspa,https://haspa.khidi.or.kr/api/total-sfp/11100818?y=2019,2026-10-08T20:31:53+09:00
H-SANGGYE-PAIK,2019,2019-03-01,2020-02-29,long_term_borrowings,장기차입금,0,khidi_haspa,https://haspa.khidi.or.kr/api/total-sfp/11100818?y=2019,2026-10-08T20:31:53+09:00
H-SANGGYE-PAIK,2019,2019-03-01,2020-02-29,foreign_long_term_borrowings,외화장기차입금,0,khidi_haspa,https://haspa.khidi.or.kr/api/total-sfp/11100818?y=2019,2026-10-08T20:31:53+09:00
H-SANGGYE-PAIK,2020,2020-03-01,2021-02-28,medical_revenue,의료수익,205564249912,khidi_haspa,https://haspa.khidi.or.kr/api/total-is/11100818?y=2020,2026-10-08T20:32:03+09:00
H-SANGGYE-PAIK,2020,2020-03-01,2021-02-28,inpatient_revenue,입원수익,126760902175,khidi_haspa,https://haspa.khidi.or.kr/api/total-is/11100818?y=2020,2026-10-08T20:32:03+09:00
H-SANGGYE-PAIK,2020,2020-03-01,2021-02-28,outpatient_revenue,외래수익,73804879711,khidi_haspa,https://haspa.khidi.or.kr/api/total-is/11100818?y=2020,2026-10-08T20:32:03+09:00
H-SANGGYE-PAIK,2020,2020-03-01,2021-02-28,medical_expense,의료비용,203016357892,khidi_haspa,https://haspa.khidi.or.kr/api/total-is/11100818?y=2020,2026-10-08T20:32:03+09:00
H-SANGGYE-PAIK,2020,2020-03-01,2021-02-28,labor_cost,인건비,103424882497,khidi_haspa,https://haspa.khidi.or.kr/api/total-is/11100818?y=2020,2026-10-08T20:32:03+09:00
H-SANGGYE-PAIK,2020,2020-03-01,2021-02-28,material_cost,재료비,62526987900,khidi_haspa,https://haspa.khidi.or.kr/api/total-is/11100818?y=2020,2026-10-08T20:32:03+09:00
H-SANGGYE-PAIK,2020,2020-03-01,2021-02-28,drug_cost,약품비,28592711548,khidi_haspa,https://haspa.khidi.or.kr/api/total-is/11100818?y=2020,2026-10-08T20:32:03+09:00
H-SANGGYE-PAIK,2020,2020-03-01,2021-02-28,supply_cost,진료재료비,32276491452,khidi_haspa,https://haspa.khidi.or.kr/api/total-is/11100818?y=2020,2026-10-08T20:32:03+09:00
H-SANGGYE-PAIK,2020,2020-03-01,2021-02-28,admin_cost,관리운영비,37064487495,khidi_haspa,https://haspa.khidi.or.kr/api/total-is/11100818?y=2020,2026-10-08T20:32:03+09:00
H-SANGGYE-PAIK,2020,2020-03-01,2021-02-28,medical_profit,의료이익(손실),2547892020,khidi_haspa,https://haspa.khidi.or.kr/api/total-is/11100818?y=2020,2026-10-08T20:32:03+09:00
H-SANGGYE-PAIK,2020,2020-03-01,2021-02-28,non_medical_revenue,의료외수익,3909027016,khidi_haspa,https://haspa.khidi.or.kr/api/total-is/11100818?y=2020,2026-10-08T20:32:03+09:00
H-SANGGYE-PAIK,2020,2020-03-01,2021-02-28,non_medical_expense,의료외비용,1504835953,khidi_haspa,https://haspa.khidi.or.kr/api/total-is/11100818?y=2020,2026-10-08T20:32:03+09:00
H-SANGGYE-PAIK,2020,2020-03-01,2021-02-28,net_income,당기순이익,-317316113,khidi_haspa,https://haspa.khidi.or.kr/api/total-is/11100818?y=2020,2026-10-08T20:32:03+09:00
H-SANGGYE-PAIK,2020,2020-03-01,2021-02-28,total_assets,자산총계,78171624347,khidi_haspa,https://haspa.khidi.or.kr/api/total-sfp/11100818?y=2020,2026-10-08T20:32:03+09:00
H-SANGGYE-PAIK,2020,2020-03-01,2021-02-28,total_liabilities,부채총계,102214775747,khidi_haspa,https://haspa.khidi.or.kr/api/total-sfp/11100818?y=2020,2026-10-08T20:32:03+09:00
H-SANGGYE-PAIK,2020,2020-03-01,2021-02-28,total_equity,자본총계,-24043151400,khidi_haspa,https://haspa.khidi.or.kr/api/total-sfp/11100818?y=2020,2026-10-08T20:32:03+09:00
H-SANGGYE-PAIK,2020,2020-03-01,2021-02-28,current_assets,유동자산,35536331202,khidi_haspa,https://haspa.khidi.or.kr/api/total-sfp/11100818?y=2020,2026-10-08T20:32:03+09:00
H-SANGGYE-PAIK,2020,2020-03-01,2021-02-28,current_liabilities,유동부채,60843869056,khidi_haspa,https://haspa.khidi.or.kr/api/total-sfp/11100818?y=2020,2026-10-08T20:32:03+09:00
H-SANGGYE-PAIK,2020,2020-03-01,2021-02-28,short_term_borrowings,단기차입금,0,khidi_haspa,https://haspa.khidi.or.kr/api/total-sfp/11100818?y=2020,2026-10-08T20:32:03+09:00
H-SANGGYE-PAIK,2020,2020-03-01,2021-02-28,employee_short_term_borrowings,임직원단기차입금,0,khidi_haspa,https://haspa.khidi.or.kr/api/total-sfp/11100818?y=2020,2026-10-08T20:32:03+09:00
H-SANGGYE-PAIK,2020,2020-03-01,2021-02-28,current_long_term_debt,유동성장기부채,2024132828,khidi_haspa,https://haspa.khidi.or.kr/api/total-sfp/11100818?y=2020,2026-10-08T20:32:03+09:00
H-SANGGYE-PAIK,2020,2020-03-01,2021-02-28,long_term_borrowings,장기차입금,0,khidi_haspa,https://haspa.khidi.or.kr/api/total-sfp/11100818?y=2020,2026-10-08T20:32:03+09:00
H-SANGGYE-PAIK,2020,2020-03-01,2021-02-28,foreign_long_term_borrowings,외화장기차입금,0,khidi_haspa,https://haspa.khidi.or.kr/api/total-sfp/11100818?y=2020,2026-10-08T20:32:03+09:00
H-SANGGYE-PAIK,2021,2021-03-01,2022-02-28,medical_revenue,의료수익,213028490731,khidi_haspa,https://haspa.khidi.or.kr/api/total-is/11100818?y=2021,2026-10-08T20:32:12+09:00
H-SANGGYE-PAIK,2021,2021-03-01,2022-02-28,inpatient_revenue,입원수익,125978227584,khidi_haspa,https://haspa.khidi.or.kr/api/total-is/11100818?y=2021,2026-10-08T20:32:12+09:00
H-SANGGYE-PAIK,2021,2021-03-01,2022-02-28,outpatient_revenue,외래수익,81587660151,khidi_haspa,https://haspa.khidi.or.kr/api/total-is/11100818?y=2021,2026-10-08T20:32:12+09:00
H-SANGGYE-PAIK,2021,2021-03-01,2022-02-28,medical_expense,의료비용,208644763476,khidi_haspa,https://haspa.khidi.or.kr/api/total-is/11100818?y=2021,2026-10-08T20:32:12+09:00
H-SANGGYE-PAIK,2021,2021-03-01,2022-02-28,labor_cost,인건비,106502227755,khidi_haspa,https://haspa.khidi.or.kr/api/total-is/11100818?y=2021,2026-10-08T20:32:12+09:00
H-SANGGYE-PAIK,2021,2021-03-01,2022-02-28,material_cost,재료비,63165580461,khidi_haspa,https://haspa.khidi.or.kr/api/total-is/11100818?y=2021,2026-10-08T20:32:12+09:00
H-SANGGYE-PAIK,2021,2021-03-01,2022-02-28,drug_cost,약품비,29260739228,khidi_haspa,https://haspa.khidi.or.kr/api/total-is/11100818?y=2021,2026-10-08T20:32:12+09:00
H-SANGGYE-PAIK,2021,2021-03-01,2022-02-28,supply_cost,진료재료비,32248118555,khidi_haspa,https://haspa.khidi.or.kr/api/total-is/11100818?y=2021,2026-10-08T20:32:12+09:00
H-SANGGYE-PAIK,2021,2021-03-01,2022-02-28,admin_cost,관리운영비,38976955260,khidi_haspa,https://haspa.khidi.or.kr/api/total-is/11100818?y=2021,2026-10-08T20:32:12+09:00
H-SANGGYE-PAIK,2021,2021-03-01,2022-02-28,medical_profit,의료이익(손실),4383727255,khidi_haspa,https://haspa.khidi.or.kr/api/total-is/11100818?y=2021,2026-10-08T20:32:12+09:00
H-SANGGYE-PAIK,2021,2021-03-01,2022-02-28,non_medical_revenue,의료외수익,8245036684,khidi_haspa,https://haspa.khidi.or.kr/api/total-is/11100818?y=2021,2026-10-08T20:32:12+09:00
H-SANGGYE-PAIK,2021,2021-03-01,2022-02-28,non_medical_expense,의료외비용,1390788144,khidi_haspa,https://haspa.khidi.or.kr/api/total-is/11100818?y=2021,2026-10-08T20:32:12+09:00
H-SANGGYE-PAIK,2021,2021-03-01,2022-02-28,net_income,당기순이익,136434095,khidi_haspa,https://haspa.khidi.or.kr/api/total-is/11100818?y=2021,2026-10-08T20:32:12+09:00
H-SANGGYE-PAIK,2021,2021-03-01,2022-02-28,total_assets,자산총계,69323051930,khidi_haspa,https://haspa.khidi.or.kr/api/total-sfp/11100818?y=2021,2026-10-08T20:32:12+09:00
H-SANGGYE-PAIK,2021,2021-03-01,2022-02-28,total_liabilities,부채총계,93229769235,khidi_haspa,https://haspa.khidi.or.kr/api/total-sfp/11100818?y=2021,2026-10-08T20:32:12+09:00
H-SANGGYE-PAIK,2021,2021-03-01,2022-02-28,total_equity,자본총계,-23906717305,khidi_haspa,https://haspa.khidi.or.kr/api/total-sfp/11100818?y=2021,2026-10-08T20:32:12+09:00
H-SANGGYE-PAIK,2021,2021-03-01,2022-02-28,current_assets,유동자산,29146424872,khidi_haspa,https://haspa.khidi.or.kr/api/total-sfp/11100818?y=2021,2026-10-08T20:32:12+09:00
H-SANGGYE-PAIK,2021,2021-03-01,2022-02-28,current_liabilities,유동부채,44400413056,khidi_haspa,https://haspa.khidi.or.kr/api/total-sfp/11100818?y=2021,2026-10-08T20:32:12+09:00
H-SANGGYE-PAIK,2021,2021-03-01,2022-02-28,short_term_borrowings,단기차입금,0,khidi_haspa,https://haspa.khidi.or.kr/api/total-sfp/11100818?y=2021,2026-10-08T20:32:12+09:00
H-SANGGYE-PAIK,2021,2021-03-01,2022-02-28,employee_short_term_borrowings,임직원단기차입금,0,khidi_haspa,https://haspa.khidi.or.kr/api/total-sfp/11100818?y=2021,2026-10-08T20:32:12+09:00
H-SANGGYE-PAIK,2021,2021-03-01,2022-02-28,current_long_term_debt,유동성장기부채,2664255235,khidi_haspa,https://haspa.khidi.or.kr/api/total-sfp/11100818?y=2021,2026-10-08T20:32:12+09:00
H-SANGGYE-PAIK,2021,2021-03-01,2022-02-28,long_term_borrowings,장기차입금,0,khidi_haspa,https://haspa.khidi.or.kr/api/total-sfp/11100818?y=2021,2026-10-08T20:32:12+09:00
H-SANGGYE-PAIK,2021,2021-03-01,2022-02-28,foreign_long_term_borrowings,외화장기차입금,0,khidi_haspa,https://haspa.khidi.or.kr/api/total-sfp/11100818?y=2021,2026-10-08T20:32:12+09:00
H-SANGGYE-PAIK,2022,2022-03-01,2023-02-28,medical_revenue,의료수익,205352658976,khidi_haspa,https://haspa.khidi.or.kr/api/total-is/11100818?y=2022,2026-10-08T20:32:22+09:00
H-SANGGYE-PAIK,2022,2022-03-01,2023-02-28,inpatient_revenue,입원수익,122022646954,khidi_haspa,https://haspa.khidi.or.kr/api/total-is/11100818?y=2022,2026-10-08T20:32:22+09:00
H-SANGGYE-PAIK,2022,2022-03-01,2023-02-28,outpatient_revenue,외래수익,78026388790,khidi_haspa,https://haspa.khidi.or.kr/api/total-is/11100818?y=2022,2026-10-08T20:32:22+09:00
H-SANGGYE-PAIK,2022,2022-03-01,2023-02-28,medical_expense,의료비용,208704460082,khidi_haspa,https://haspa.khidi.or.kr/api/total-is/11100818?y=2022,2026-10-08T20:32:22+09:00
H-SANGGYE-PAIK,2022,2022-03-01,2023-02-28,labor_cost,인건비,108055434466,khidi_haspa,https://haspa.khidi.or.kr/api/total-is/11100818?y=2022,2026-10-08T20:32:22+09:00
H-SANGGYE-PAIK,2022,2022-03-01,2023-02-28,material_cost,재료비,62220516126,khidi_haspa,https://haspa.khidi.or.kr/api/total-is/11100818?y=2022,2026-10-08T20:32:22+09:00
H-SANGGYE-PAIK,2022,2022-03-01,2023-02-28,drug_cost,약품비,28746179496,khidi_haspa,https://haspa.khidi.or.kr/api/total-is/11100818?y=2022,2026-10-08T20:32:22+09:00
H-SANGGYE-PAIK,2022,2022-03-01,2023-02-28,supply_cost,진료재료비,31877931695,khidi_haspa,https://haspa.khidi.or.kr/api/total-is/11100818?y=2022,2026-10-08T20:32:22+09:00
H-SANGGYE-PAIK,2022,2022-03-01,2023-02-28,admin_cost,관리운영비,38428509490,khidi_haspa,https://haspa.khidi.or.kr/api/total-is/11100818?y=2022,2026-10-08T20:32:22+09:00
H-SANGGYE-PAIK,2022,2022-03-01,2023-02-28,medical_profit,의료이익(손실),-3351801106,khidi_haspa,https://haspa.khidi.or.kr/api/total-is/11100818?y=2022,2026-10-08T20:32:22+09:00
H-SANGGYE-PAIK,2022,2022-03-01,2023-02-28,non_medical_revenue,의료외수익,12576907648,khidi_haspa,https://haspa.khidi.or.kr/api/total-is/11100818?y=2022,2026-10-08T20:32:22+09:00
H-SANGGYE-PAIK,2022,2022-03-01,2023-02-28,non_medical_expense,의료외비용,1990331142,khidi_haspa,https://haspa.khidi.or.kr/api/total-is/11100818?y=2022,2026-10-08T20:32:22+09:00
H-SANGGYE-PAIK,2022,2022-03-01,2023-02-28,net_income,당기순이익,9135251439,khidi_haspa,https://haspa.khidi.or.kr/api/total-is/11100818?y=2022,2026-10-08T20:32:22+09:00
H-SANGGYE-PAIK,2022,2022-03-01,2023-02-28,total_assets,자산총계,76944334460,khidi_haspa,https://haspa.khidi.or.kr/api/total-sfp/11100818?y=2022,2026-10-08T20:32:22+09:00
H-SANGGYE-PAIK,2022,2022-03-01,2023-02-28,total_liabilities,부채총계,91715800326,khidi_haspa,https://haspa.khidi.or.kr/api/total-sfp/11100818?y=2022,2026-10-08T20:32:22+09:00
H-SANGGYE-PAIK,2022,2022-03-01,2023-02-28,total_equity,자본총계,-14771465866,khidi_haspa,https://haspa.khidi.or.kr/api/total-sfp/11100818?y=2022,2026-10-08T20:32:22+09:00
H-SANGGYE-PAIK,2022,2022-03-01,2023-02-28,current_assets,유동자산,40793799736,khidi_haspa,https://haspa.khidi.or.kr/api/total-sfp/11100818?y=2022,2026-10-08T20:32:22+09:00
H-SANGGYE-PAIK,2022,2022-03-01,2023-02-28,current_liabilities,유동부채,47938240103,khidi_haspa,https://haspa.khidi.or.kr/api/total-sfp/11100818?y=2022,2026-10-08T20:32:22+09:00
H-SANGGYE-PAIK,2022,2022-03-01,2023-02-28,short_term_borrowings,단기차입금,0,khidi_haspa,https://haspa.khidi.or.kr/api/total-sfp/11100818?y=2022,2026-10-08T20:32:22+09:00
H-SANGGYE-PAIK,2022,2022-03-01,2023-02-28,employee_short_term_borrowings,임직원단기차입금,0,khidi_haspa,https://haspa.khidi.or.kr/api/total-sfp/11100818?y=2022,2026-10-08T20:32:22+09:00
H-SANGGYE-PAIK,2022,2022-03-01,2023-02-28,current_long_term_debt,유동성장기부채,2564874435,khidi_haspa,https://haspa.khidi.or.kr/api/total-sfp/11100818?y=2022,2026-10-08T20:32:22+09:00
H-SANGGYE-PAIK,2022,2022-03-01,2023-02-28,long_term_borrowings,장기차입금,0,khidi_haspa,https://haspa.khidi.or.kr/api/total-sfp/11100818?y=2022,2026-10-08T20:32:22+09:00
H-SANGGYE-PAIK,2022,2022-03-01,2023-02-28,foreign_long_term_borrowings,외화장기차입금,0,khidi_haspa,https://haspa.khidi.or.kr/api/total-sfp/11100818?y=2022,2026-10-08T20:32:22+09:00
H-SANGGYE-PAIK,2023,2023-03-01,2024-02-29,medical_revenue,의료수익,190833471002,khidi_haspa,https://haspa.khidi.or.kr/api/total-is/11100818?y=2023,2026-10-08T20:32:32+09:00
H-SANGGYE-PAIK,2023,2023-03-01,2024-02-29,inpatient_revenue,입원수익,111463936644,khidi_haspa,https://haspa.khidi.or.kr/api/total-is/11100818?y=2023,2026-10-08T20:32:32+09:00
H-SANGGYE-PAIK,2023,2023-03-01,2024-02-29,outpatient_revenue,외래수익,74834627411,khidi_haspa,https://haspa.khidi.or.kr/api/total-is/11100818?y=2023,2026-10-08T20:32:32+09:00
H-SANGGYE-PAIK,2023,2023-03-01,2024-02-29,medical_expense,의료비용,206549818649,khidi_haspa,https://haspa.khidi.or.kr/api/total-is/11100818?y=2023,2026-10-08T20:32:32+09:00
H-SANGGYE-PAIK,2023,2023-03-01,2024-02-29,labor_cost,인건비,109979325395,khidi_haspa,https://haspa.khidi.or.kr/api/total-is/11100818?y=2023,2026-10-08T20:32:32+09:00
H-SANGGYE-PAIK,2023,2023-03-01,2024-02-29,material_cost,재료비,57396270381,khidi_haspa,https://haspa.khidi.or.kr/api/total-is/11100818?y=2023,2026-10-08T20:32:32+09:00
H-SANGGYE-PAIK,2023,2023-03-01,2024-02-29,drug_cost,약품비,27924511639,khidi_haspa,https://haspa.khidi.or.kr/api/total-is/11100818?y=2023,2026-10-08T20:32:32+09:00
H-SANGGYE-PAIK,2023,2023-03-01,2024-02-29,supply_cost,진료재료비,26602474841,khidi_haspa,https://haspa.khidi.or.kr/api/total-is/11100818?y=2023,2026-10-08T20:32:32+09:00
H-SANGGYE-PAIK,2023,2023-03-01,2024-02-29,admin_cost,관리운영비,39174222873,khidi_haspa,https://haspa.khidi.or.kr/api/total-is/11100818?y=2023,2026-10-08T20:32:32+09:00
H-SANGGYE-PAIK,2023,2023-03-01,2024-02-29,medical_profit,의료이익(손실),-15716347647,khidi_haspa,https://haspa.khidi.or.kr/api/total-is/11100818?y=2023,2026-10-08T20:32:32+09:00
H-SANGGYE-PAIK,2023,2023-03-01,2024-02-29,non_medical_revenue,의료외수익,4321398905,khidi_haspa,https://haspa.khidi.or.kr/api/total-is/11100818?y=2023,2026-10-08T20:32:32+09:00
H-SANGGYE-PAIK,2023,2023-03-01,2024-02-29,non_medical_expense,의료외비용,1898772665,khidi_haspa,https://haspa.khidi.or.kr/api/total-is/11100818?y=2023,2026-10-08T20:32:32+09:00
H-SANGGYE-PAIK,2023,2023-03-01,2024-02-29,net_income,당기순이익,-10121006280,khidi_haspa,https://haspa.khidi.or.kr/api/total-is/11100818?y=2023,2026-10-08T20:32:32+09:00
H-SANGGYE-PAIK,2023,2023-03-01,2024-02-29,total_assets,자산총계,64220772365,khidi_haspa,https://haspa.khidi.or.kr/api/total-sfp/11100818?y=2023,2026-10-08T20:32:32+09:00
H-SANGGYE-PAIK,2023,2023-03-01,2024-02-29,total_liabilities,부채총계,89113244511,khidi_haspa,https://haspa.khidi.or.kr/api/total-sfp/11100818?y=2023,2026-10-08T20:32:32+09:00
H-SANGGYE-PAIK,2023,2023-03-01,2024-02-29,total_equity,자본총계,-24892472146,khidi_haspa,https://haspa.khidi.or.kr/api/total-sfp/11100818?y=2023,2026-10-08T20:32:32+09:00
H-SANGGYE-PAIK,2023,2023-03-01,2024-02-29,current_assets,유동자산,27487257393,khidi_haspa,https://haspa.khidi.or.kr/api/total-sfp/11100818?y=2023,2026-10-08T20:32:32+09:00
H-SANGGYE-PAIK,2023,2023-03-01,2024-02-29,current_liabilities,유동부채,50739950717,khidi_haspa,https://haspa.khidi.or.kr/api/total-sfp/11100818?y=2023,2026-10-08T20:32:32+09:00
H-SANGGYE-PAIK,2023,2023-03-01,2024-02-29,short_term_borrowings,단기차입금,0,khidi_haspa,https://haspa.khidi.or.kr/api/total-sfp/11100818?y=2023,2026-10-08T20:32:32+09:00
H-SANGGYE-PAIK,2023,2023-03-01,2024-02-29,employee_short_term_borrowings,임직원단기차입금,0,khidi_haspa,https://haspa.khidi.or.kr/api/total-sfp/11100818?y=2023,2026-10-08T20:32:32+09:00
H-SANGGYE-PAIK,2023,2023-03-01,2024-02-29,current_long_term_debt,유동성장기부채,2152544582,khidi_haspa,https://haspa.khidi.or.kr/api/total-sfp/11100818?y=2023,2026-10-08T20:32:32+09:00
H-SANGGYE-PAIK,2023,2023-03-01,2024-02-29,long_term_borrowings,장기차입금,0,khidi_haspa,https://haspa.khidi.or.kr/api/total-sfp/11100818?y=2023,2026-10-08T20:32:32+09:00
H-SANGGYE-PAIK,2023,2023-03-01,2024-02-29,foreign_long_term_borrowings,외화장기차입금,0,khidi_haspa,https://haspa.khidi.or.kr/api/total-sfp/11100818?y=2023,2026-10-08T20:32:32+09:00
H-SANGGYE-PAIK,2024,2024-03-01,2025-02-28,medical_revenue,의료수익,164617401692,khidi_haspa,https://haspa.khidi.or.kr/api/total-is/11100818?y=2024,2026-10-08T20:32:42+09:00
H-SANGGYE-PAIK,2024,2024-03-01,2025-02-28,inpatient_revenue,입원수익,92030543254,khidi_haspa,https://haspa.khidi.or.kr/api/total-is/11100818?y=2024,2026-10-08T20:32:42+09:00
H-SANGGYE-PAIK,2024,2024-03-01,2025-02-28,outpatient_revenue,외래수익,68212588372,khidi_haspa,https://haspa.khidi.or.kr/api/total-is/11100818?y=2024,2026-10-08T20:32:42+09:00
H-SANGGYE-PAIK,2024,2024-03-01,2025-02-28,medical_expense,의료비용,186241252831,khidi_haspa,https://haspa.khidi.or.kr/api/total-is/11100818?y=2024,2026-10-08T20:32:42+09:00
H-SANGGYE-PAIK,2024,2024-03-01,2025-02-28,labor_cost,인건비,100766994843,khidi_haspa,https://haspa.khidi.or.kr/api/total-is/11100818?y=2024,2026-10-08T20:32:42+09:00
H-SANGGYE-PAIK,2024,2024-03-01,2025-02-28,material_cost,재료비,48616559056,khidi_haspa,https://haspa.khidi.or.kr/api/total-is/11100818?y=2024,2026-10-08T20:32:42+09:00
H-SANGGYE-PAIK,2024,2024-03-01,2025-02-28,drug_cost,약품비,25493536753,khidi_haspa,https://haspa.khidi.or.kr/api/total-is/11100818?y=2024,2026-10-08T20:32:42+09:00
H-SANGGYE-PAIK,2024,2024-03-01,2025-02-28,supply_cost,진료재료비,20811789830,khidi_haspa,https://haspa.khidi.or.kr/api/total-is/11100818?y=2024,2026-10-08T20:32:42+09:00
H-SANGGYE-PAIK,2024,2024-03-01,2025-02-28,admin_cost,관리운영비,36857698932,khidi_haspa,https://haspa.khidi.or.kr/api/total-is/11100818?y=2024,2026-10-08T20:32:42+09:00
H-SANGGYE-PAIK,2024,2024-03-01,2025-02-28,medical_profit,의료이익(손실),-21623851139,khidi_haspa,https://haspa.khidi.or.kr/api/total-is/11100818?y=2024,2026-10-08T20:32:42+09:00
H-SANGGYE-PAIK,2024,2024-03-01,2025-02-28,non_medical_revenue,의료외수익,8985038568,khidi_haspa,https://haspa.khidi.or.kr/api/total-is/11100818?y=2024,2026-10-08T20:32:42+09:00
H-SANGGYE-PAIK,2024,2024-03-01,2025-02-28,non_medical_expense,의료외비용,4997298488,khidi_haspa,https://haspa.khidi.or.kr/api/total-is/11100818?y=2024,2026-10-08T20:32:42+09:00
H-SANGGYE-PAIK,2024,2024-03-01,2025-02-28,net_income,당기순이익,-14786194064,khidi_haspa,https://haspa.khidi.or.kr/api/total-is/11100818?y=2024,2026-10-08T20:32:42+09:00
H-SANGGYE-PAIK,2024,2024-03-01,2025-02-28,total_assets,자산총계,51691620277,khidi_haspa,https://haspa.khidi.or.kr/api/total-sfp/11100818?y=2024,2026-10-08T20:32:42+09:00
H-SANGGYE-PAIK,2024,2024-03-01,2025-02-28,total_liabilities,부채총계,91370286487,khidi_haspa,https://haspa.khidi.or.kr/api/total-sfp/11100818?y=2024,2026-10-08T20:32:42+09:00
H-SANGGYE-PAIK,2024,2024-03-01,2025-02-28,total_equity,자본총계,-39678666210,khidi_haspa,https://haspa.khidi.or.kr/api/total-sfp/11100818?y=2024,2026-10-08T20:32:42+09:00
H-SANGGYE-PAIK,2024,2024-03-01,2025-02-28,current_assets,유동자산,21001048136,khidi_haspa,https://haspa.khidi.or.kr/api/total-sfp/11100818?y=2024,2026-10-08T20:32:42+09:00
H-SANGGYE-PAIK,2024,2024-03-01,2025-02-28,current_liabilities,유동부채,56289283746,khidi_haspa,https://haspa.khidi.or.kr/api/total-sfp/11100818?y=2024,2026-10-08T20:32:42+09:00
H-SANGGYE-PAIK,2024,2024-03-01,2025-02-28,short_term_borrowings,단기차입금,0,khidi_haspa,https://haspa.khidi.or.kr/api/total-sfp/11100818?y=2024,2026-10-08T20:32:42+09:00
H-SANGGYE-PAIK,2024,2024-03-01,2025-02-28,employee_short_term_borrowings,임직원단기차입금,0,khidi_haspa,https://haspa.khidi.or.kr/api/total-sfp/11100818?y=2024,2026-10-08T20:32:42+09:00
H-SANGGYE-PAIK,2024,2024-03-01,2025-02-28,current_long_term_debt,유동성장기부채,1018255155,khidi_haspa,https://haspa.khidi.or.kr/api/total-sfp/11100818?y=2024,2026-10-08T20:32:42+09:00
H-SANGGYE-PAIK,2024,2024-03-01,2025-02-28,long_term_borrowings,장기차입금,0,khidi_haspa,https://haspa.khidi.or.kr/api/total-sfp/11100818?y=2024,2026-10-08T20:32:42+09:00
H-SANGGYE-PAIK,2024,2024-03-01,2025-02-28,foreign_long_term_borrowings,외화장기차입금,0,khidi_haspa,https://haspa.khidi.or.kr/api/total-sfp/11100818?y=2024,2026-10-08T20:32:42+09:00
